Pk,Tm,Player,College,Yrs,G,FG%,3P%,FT%,MP2,PTS3,TRB4,AST5,WS,WS/48,BPM,VORP,Year
1,CHI,Derrick Rose,Memphis,12,646,0.457,0.311,0.829,32,18.5,3.3,5.5,42.8,0.099,1.3,17.6,2008
1,LAC,Blake Griffin,Oklahoma,11,668,0.495,0.334,0.696,34.2,20.9,8.6,4.3,77.2,0.162,3.6,32.1,2009
1,WAS,John Wall,Kentucky,10,613,0.431,0.323,0.779,35.6,19.1,4.3,9.1,44.1,0.097,2.4,24.1,2010
1,CLE,Kyrie Irving,Duke,10,582,0.47,0.391,0.881,33.9,22.8,3.8,5.7,68.7,0.167,4.6,32.7,2011
1,NOH,Anthony Davis,Kentucky,9,564,0.514,0.312,0.799,34.4,23.9,10.2,2.3,86.8,0.215,6.2,40,2012
1,CLE,Anthony Bennett,UNLV,4,151,0.392,0.261,0.67,12.6,4.4,3.1,0.5,0.5,0.013,-4.8,-1.3,2013
1,CLE,Andrew Wiggins,Kansas,7,525,0.446,0.341,0.731,35.4,19.5,4.4,2.3,18.9,0.049,-1.8,1,2014
1,MIN,Karl-Anthony Towns,Kentucky,6,408,0.527,0.394,0.835,34.3,22.9,11.6,3,55.8,0.191,4.8,23.8,2015
1,PHI,Ben Simmons,LSU,4,275,0.56,0.147,0.597,33.9,15.9,8.1,7.7,30.4,0.156,3.7,13.4,2016
1,PHI,Markelle Fultz,Washington,4,113,0.447,0.265,0.695,25.6,10.9,3.3,4.6,3.1,0.052,-2.2,-0.2,2017
1,PHO,Deandre Ayton,Arizona,3,178,0.588,0.189,0.756,31.1,16,10.6,1.7,17.4,0.151,0.5,3.5,2018
2,MIA,Michael Beasley,Kansas State,11,609,0.465,0.349,0.759,22.8,12.4,4.7,1.3,15.6,0.054,-1.7,0.9,2008
2,MEM,Hasheem Thabeet,UConn,5,224,0.567,,0.578,10.5,2.2,2.7,0.1,4.8,0.099,-2.7,-0.4,2009
2,PHI,Evan Turner,Ohio State,10,705,0.434,0.294,0.782,26.9,9.7,4.6,3.5,20.2,0.051,-1.9,0.5,2010
2,MIN,Derrick Williams,Arizona,7,428,0.434,0.3,0.71,20.7,8.9,4,0.7,14.1,0.076,-1.6,0.8,2011
2,CHA,Michael Kidd-Gilchrist,Kentucky,8,446,0.474,0.272,0.715,24.6,8.4,5.4,1.2,21,0.092,-1.8,0.6,2012
2,ORL,Victor Oladipo,Indiana,8,454,0.438,0.347,0.791,33,17.5,4.6,4,24.6,0.079,0.9,10.9,2013
2,MIL,Jabari Parker,Duke,7,298,0.494,0.321,0.741,28.3,14.5,5.6,2,13.5,0.077,-0.8,2.5,2014
2,LAL,D'Angelo Russell,Ohio State,6,359,0.421,0.36,0.771,29,17.6,3.6,5.3,10,0.046,0.4,6.4,2015
2,LAL,Brandon Ingram,Duke,5,313,0.461,0.367,0.756,32.6,17.8,5,3.5,14.8,0.07,-0.7,3.4,2016
2,LAL,Lonzo Ball,UCLA,4,217,0.397,0.353,0.56,32.1,11.7,5.8,6.4,9.2,0.063,0.8,4.8,2017
2,SAC,Marvin Bagley III,Duke,3,118,0.5,0.314,0.663,25.5,14.5,7.5,1,5.3,0.085,-2.1,-0.1,2018
3,MIN,O.J. Mayo,USC,8,547,0.429,0.373,0.82,30.9,13.8,3.1,2.9,21.8,0.062,-0.9,4.7,2008
3,OKC,James Harden,Arizona State,12,877,0.444,0.363,0.858,34.4,25.1,5.5,6.5,142,0.226,6.9,68.1,2009
3,NJN,Derrick Favors,Georgia Tech,11,751,0.534,0.205,0.664,24.7,10.8,7.2,1.1,58.8,0.152,1,13.8,2010
3,UTA,Enes Kanter,,10,713,0.548,0.286,0.776,22,11.5,7.9,0.9,51.4,0.157,-0.2,7.3,2011
3,WAS,Bradley Beal,Florida,9,605,0.456,0.377,0.82,34.7,22,4.1,4,47.4,0.108,1.8,19.9,2012
3,WAS,Otto Porter,Georgetown,8,441,0.479,0.402,0.793,26.5,10.9,5,1.5,31.1,0.128,1.6,10.6,2013
3,PHI,Joel Embiid,Kansas,5,260,0.487,0.329,0.808,30.6,24.8,11.3,3.1,31.6,0.191,4.9,13.8,2014
3,PHI,Jahlil Okafor,Duke,6,247,0.542,0.222,0.676,19.5,10.4,4.7,0.9,7.2,0.071,-2.1,-0.1,2015
3,BOS,Jaylen Brown,California,5,337,0.473,0.378,0.699,27.7,15.1,4.7,1.8,18.7,0.096,-0.4,3.9,2016
3,BOS,Jayson Tatum,Duke,4,289,0.458,0.396,0.84,32.7,19.4,6.3,2.7,25.5,0.129,2.1,9.8,2017
3,ATL,Luka Dončić,,3,199,0.457,0.331,0.735,33.3,25.7,8.4,7.7,21.4,0.155,6.3,13.8,2018
4,SEA,Russell Westbrook,UCLA,13,943,0.437,0.305,0.79,34.7,23.2,7.4,8.5,104.8,0.154,4.7,55.3,2008
4,SAC,Tyreke Evans,Memphis,10,594,0.44,0.323,0.757,30.7,15.7,4.6,4.8,28.4,0.075,0.8,13.1,2009
4,MIN,Wesley Johnson,Syracuse,9,609,0.404,0.337,0.741,22.1,7,3.2,1.1,10.7,0.038,-1.6,1.2,2010
4,CLE,Tristan Thompson,Texas,10,673,0.518,0.257,0.609,27.7,9.3,8.7,1,46,0.118,-1.6,1.7,2011
4,CLE,Dion Waiters,Syracuse,8,419,0.412,0.346,0.694,28.2,13.1,2.6,2.8,8.8,0.036,-2.1,-0.4,2012
4,CHA,Cody Zeller,Indiana,8,467,0.518,0.227,0.729,22.7,8.7,6,1.4,31,0.14,-0.5,4.1,2013
4,ORL,Aaron Gordon,Arizona,7,453,0.45,0.321,0.695,28.5,12.7,6.3,2.5,23.6,0.088,0,6.4,2014
4,NYK,Kristaps Porziņģis,,5,286,0.441,0.361,0.809,31.1,18.7,7.8,1.5,21.5,0.116,1.3,7.4,2015
4,PHO,Dragan Bender,,4,187,0.399,0.323,0.654,20.1,5.4,3.9,1.3,0.5,0.006,-4,-1.9,2016
4,PHO,Josh Jackson,Kansas,4,240,0.418,0.298,0.676,24.5,12.3,4.2,2,-1.7,-0.014,-3.8,-2.7,2017
4,MEM,Jaren Jackson Jr.,Michigan State,3,126,0.48,0.374,0.765,26.9,15.4,4.7,1.2,7.5,0.106,0.1,1.8,2018
5,MEM,Kevin Love,UCLA,13,738,0.442,0.37,0.828,31.7,18,11,2.4,83,0.17,3.3,31.3,2008
5,MIN,Ricky Rubio,,10,631,0.391,0.325,0.843,30.4,11,4.2,7.6,40.3,0.101,0.6,12.8,2009
5,SAC,DeMarcus Cousins,Kentucky,10,606,0.46,0.334,0.737,31,20.4,10.6,3.1,45.2,0.116,2.6,21.6,2010
5,TOR,Jonas Valančiūnas,,9,621,0.566,0.358,0.78,25.6,12.9,9.2,1,60.1,0.181,1,11.9,2011
5,SAC,Thomas Robinson,Kansas,5,313,0.47,0,0.505,13.4,4.9,4.8,0.6,4.6,0.053,-3.5,-1.6,2012
5,PHO,Alex Len,Maryland,8,531,0.506,0.332,0.685,19.1,7.8,6,0.8,20.7,0.098,-1.9,0.2,2013
5,UTA,Dante Exum,,6,245,0.407,0.305,0.764,18.6,5.7,1.8,2.1,3.1,0.032,-3.3,-1.5,2014
5,ORL,Mario Hezonja,,5,330,0.417,0.319,0.812,18.5,6.9,3.1,1.3,3.2,0.025,-2.8,-1.2,2015
5,MIN,Kris Dunn,Providence,5,231,0.42,0.305,0.727,24.1,8.2,3.3,4.1,3.7,0.032,-1.9,0.1,2016
5,SAC,De'Aaron Fox,Kentucky,4,263,0.458,0.326,0.718,31.3,18.2,3.4,6.4,13.2,0.077,0.1,4.5,2017
5,DAL,Trae Young,Oklahoma,3,204,0.431,0.343,0.861,33.1,24.1,3.9,8.9,16.3,0.116,2.2,7,2018
6,NYK,Danilo Gallinari,,12,662,0.427,0.382,0.876,30.4,15.9,4.8,2,60.5,0.144,2,20,2008
6,MIN,Jonny Flynn,Syracuse,3,163,0.4,0.338,0.809,22.9,9.2,1.9,3.9,-1.1,-0.015,-4,-1.9,2009
6,GSW,Ekpe Udoh,Baylor,7,384,0.453,0,0.718,14.8,3.5,2.9,0.7,10.4,0.088,-1.4,0.8,2010
6,WAS,Jan Veselý,,3,162,0.521,0,0.408,15.2,3.6,3.5,0.6,4,0.078,-2.6,-0.4,2011
6,POR,Damian Lillard,Weber State,9,682,0.439,0.375,0.893,36.3,24.7,4.2,6.6,92.3,0.179,4.8,42.6,2012
6,NOH,Nerlens Noel,Kentucky,7,425,0.549,0.2,0.653,22.4,7.6,6.2,1.1,26.8,0.135,0.9,7,2013
6,BOS,Marcus Smart,Oklahoma State,7,449,0.376,0.32,0.777,29.4,10.2,3.6,4.2,24,0.087,-0.3,5.6,2014
6,SAC,Willie Cauley-Stein,Kentucky,6,402,0.545,0.167,0.612,22.6,9.1,6,1.5,23.1,0.122,-0.1,4.4,2015
6,NOP,Buddy Hield,Oklahoma,5,387,0.435,0.406,0.863,28.9,16,4.3,2.5,15.2,0.065,0.4,6.7,2016
6,ORL,Jonathan Isaac,Florida State,3,136,0.435,0.33,0.797,25.8,9.3,5.4,1.1,6.7,0.091,0.2,2,2017
6,ORL,Mo Bamba,Texas,3,155,0.471,0.325,0.646,15.3,6.4,5.2,0.7,5.9,0.12,-0.3,1,2018
7,LAC,Eric Gordon,Indiana,13,692,0.425,0.368,0.812,32.6,16.6,2.5,2.8,34.9,0.074,-0.4,8.9,2008
7,GSW,Stephen Curry,Davidson,12,762,0.477,0.433,0.907,34.3,24.2,4.6,6.5,112.2,0.206,6.5,56.3,2009
7,DET,Greg Monroe,Georgetown,9,632,0.514,0.059,0.704,27.7,13.2,8.3,2.1,49.7,0.136,1.4,15.2,2010
7,SAC,Bismack Biyombo,,10,702,0.527,0,0.566,20.2,5.1,6.1,0.6,27.6,0.093,-2.7,-2.4,2011
7,GSW,Harrison Barnes,UNC,9,670,0.452,0.377,0.8,31.6,13.9,5.1,1.8,38.8,0.088,-1,5.5,2012
7,SAC,Ben McLemore,Kansas,8,492,0.416,0.363,0.776,22.9,8.9,2.4,1,8.2,0.035,-3.1,-3,2013
7,LAL,Julius Randle,Kentucky,7,446,0.485,0.342,0.741,30.5,17.4,9.2,3.3,28.3,0.1,0.3,7.9,2014
7,DEN,Emmanuel Mudiay,,5,300,0.401,0.323,0.744,23.9,11,2.9,3.8,-0.2,-0.001,-3.2,-2.2,2015
7,DEN,Jamal Murray,Kentucky,5,345,0.446,0.367,0.878,30.1,16.3,3.6,3.8,20.8,0.096,0.2,5.9,2016
7,MIN,Lauri Markkanen,Arizona,4,221,0.44,0.366,0.845,29.5,15.6,7.1,1.2,11.6,0.086,-0.2,2.8,2017
7,CHI,Wendell Carter Jr.,Duke,3,141,0.506,0.241,0.749,26.5,11,8.2,1.7,8.6,0.11,-1.9,0.1,2018
8,MIL,Joe Alexander,West Virginia,2,67,0.41,0.34,0.698,11.1,4.2,1.8,0.7,0.5,0.03,-3.6,-0.3,2008
8,NYK,Jordan Hill,Arizona,8,409,0.497,0.136,0.699,18.8,7.9,5.8,0.8,16.4,0.102,-2,0,2009
8,LAC,Al-Farouq Aminu,Wake Forest,11,711,0.42,0.332,0.746,24.9,7.5,6,1.2,27.6,0.075,-0.6,6.4,2010
8,DET,Brandon Knight,Kentucky,8,446,0.411,0.353,0.806,29.5,14.1,3.1,4,11.5,0.042,-1.6,1.5,2011
8,TOR,Terrence Ross,Washington,9,607,0.419,0.367,0.835,25,11.4,2.9,1.2,23.1,0.073,-0.7,5.1,2012
8,DET,Kentavious Caldwell-Pope,Georgia,8,606,0.419,0.355,0.803,29.1,11.4,3.1,1.7,31.8,0.087,-0.7,5.6,2013
8,SAC,Nik Stauskas,Michigan,5,335,0.389,0.353,0.814,19.9,6.8,2.1,1.5,3.8,0.028,-3,-1.7,2014
8,DET,Stanley Johnson,Arizona,6,371,0.375,0.298,0.761,19.7,6.2,3.1,1.4,4.4,0.029,-2.8,-1.5,2015
8,SAC,Marquese Chriss,Washington,5,258,0.455,0.289,0.667,19.3,8,4.9,1.1,5.7,0.055,-2.3,-0.4,2016
8,NYK,Frank Ntilikina,,4,211,0.366,0.328,0.749,19.5,5.5,2,2.7,-0.4,-0.004,-4.5,-2.6,2017
8,CLE,Collin Sexton,Alabama,3,207,0.458,0.385,0.831,33.2,20.2,3,3.4,5.4,0.038,-2.3,-0.6,2018
9,CHA,D.J. Augustin,Texas,13,921,0.411,0.379,0.867,23.9,9.7,1.9,4,46.9,0.102,-0.6,7.9,2008
9,TOR,DeMar DeRozan,USC,12,881,0.46,0.281,0.833,34.1,20.1,4.4,3.8,74.9,0.12,0.6,19.6,2009
9,UTA,Gordon Hayward,Butler,11,685,0.453,0.37,0.825,31,15.6,4.5,3.5,57.2,0.129,2.1,22.2,2010
9,CHA,Kemba Walker,UConn,10,704,0.419,0.36,0.84,33.7,19.9,3.8,5.4,57.7,0.117,2.9,29.1,2011
9,DET,Andre Drummond,UConn,9,645,0.538,0.135,0.47,30.7,14.5,13.7,1.4,62.6,0.152,1.3,16.6,2012
9,MIN,Trey Burke,Michigan,8,456,0.411,0.346,0.808,21.8,10,1.9,3.2,12.9,0.062,-1.2,2,2013
9,CHH,Noah Vonleh,Indiana,7,339,0.459,0.308,0.691,16.8,4.9,5.1,0.8,9.2,0.078,-2.4,-0.6,2014
9,CHO,Frank Kaminsky,Wisconsin,6,368,0.427,0.348,0.739,21,9.4,4,1.6,14.4,0.089,-0.5,3,2015
9,TOR,Jakob Poeltl,Utah,5,348,0.632,0.5,0.528,18.5,6.1,5.4,1.2,22,0.164,0.8,4.6,2016
9,DAL,Dennis Smith Jr.,NC State,4,179,0.4,0.316,0.652,25.2,11.8,3.1,4.4,-1,-0.01,-2.4,-0.5,2017
9,NYK,Kevin Knox,Kentucky,3,182,0.369,0.345,0.703,20.8,8.5,3.2,0.9,-0.6,-0.007,-4.8,-2.6,2018
10,NJN,Brook Lopez,Stanford,13,855,0.494,0.34,0.796,30.3,16.5,6.3,1.5,70.8,0.131,1.3,21.7,2008
10,MIL,Brandon Jennings,,9,555,0.387,0.345,0.796,30.3,14.1,3,5.7,29.9,0.085,0.8,11.8,2009
10,IND,Paul George,Fresno State,11,706,0.436,0.384,0.847,33.5,20.2,6.4,3.5,75.3,0.153,4.1,36.2,2010
10,MIL,Jimmer Fredette,BYU,6,241,0.409,0.372,0.879,13.3,6,1,1.4,2.2,0.033,-2.5,-0.4,2011
10,NOH,Austin Rivers,Duke,9,588,0.418,0.35,0.646,24.4,9.1,2.1,2.3,12.7,0.043,-3,-3.6,2012
10,POR,CJ McCollum,Lehigh,8,528,0.455,0.398,0.826,31.2,18.9,3.4,3.3,36.7,0.107,1.2,13.3,2013
10,PHI,Elfrid Payton,Louisiana,7,450,0.45,0.289,0.63,28.5,10.9,4.3,6.2,15.9,0.06,-0.8,3.8,2014
10,MIA,Justise Winslow,Duke,6,267,0.411,0.324,0.64,27.5,8.8,5.3,2.6,7,0.046,-2.1,-0.2,2015
10,MIL,Thon Maker,,5,263,0.435,0.327,0.68,13.8,4.6,2.8,0.6,6.6,0.087,-2.1,-0.1,2016
10,SAC,Zach Collins,Gonzaga,3,154,0.444,0.324,0.722,17.5,5.7,4,0.9,3.9,0.069,-2.6,-0.4,2017
10,PHI,Mikal Bridges,Villanova,3,227,0.497,0.376,0.83,30,10.2,3.8,2,15.7,0.111,0.7,4.7,2018
11,IND,Jerryd Bayless,Arizona,11,586,0.411,0.361,0.818,21.3,8.4,2.1,2.9,18.6,0.072,-1.6,1.1,2008
11,NJN,Terrence Williams,Louisville,4,153,0.412,0.317,0.659,19.1,7.1,3.6,2.4,-0.2,-0.004,-2.8,-0.6,2009
11,NOH,Cole Aldrich,Kansas,8,339,0.527,,0.738,10,3.1,3.3,0.5,9.6,0.135,0.1,1.8,2010
11,GSW,Klay Thompson,Washington State,8,615,0.459,0.419,0.848,33.1,19.5,3.5,2.3,46.8,0.11,0.7,14.2,2011
11,POR,Meyers Leonard,Illinois,9,447,0.482,0.39,0.809,16,5.6,3.9,0.9,15.5,0.104,-1.4,1,2012
11,PHI,Michael Carter-Williams,Syracuse,8,391,0.402,0.255,0.706,25.3,10.3,4.4,4.4,6.6,0.032,-1.2,1.9,2013
11,DEN,Doug McDermott,Creighton,7,476,0.478,0.407,0.824,20.6,9,2.4,0.9,17.7,0.087,-1.8,0.6,2014
11,IND,Myles Turner,Texas,6,389,0.487,0.352,0.77,28.6,12.7,6.6,1.2,29.7,0.128,0.5,7.1,2015
11,ORL,Domantas Sabonis,Gonzaga,5,353,0.525,0.321,0.725,27.4,13.6,8.7,3.3,27.5,0.137,1.3,8,2016
11,CHO,Malik Monk,Kentucky,4,233,0.403,0.339,0.843,17.8,9.1,2,1.8,2,0.023,-2.7,-0.7,2017
11,CHO,Shai Gilgeous-Alexander,Kentucky,3,187,0.482,0.373,0.805,30.9,16.3,4.3,3.8,13,0.108,1.3,4.8,2018
12,SAC,Jason Thompson,Rider University,8,588,0.496,0.143,0.657,25.2,8.9,6.6,1.1,23.8,0.077,-2.6,-2.4,2008
12,CHA,Gerald Henderson,Duke,8,535,0.44,0.327,0.793,25.9,11.2,3.2,1.9,18.3,0.063,-1.8,0.6,2009
12,MEM,Xavier Henry,Kansas,5,185,0.406,0.325,0.635,15.7,5.7,1.9,0.6,0.8,0.013,-4.4,-1.7,2010
12,UTA,Alec Burks,Colorado,10,544,0.422,0.373,0.796,22.2,10.5,3.3,1.9,20,0.079,-0.9,3.4,2011
12,HOU,Jeremy Lamb,UConn,9,517,0.444,0.344,0.858,21.2,10.4,3.7,1.6,25.5,0.112,0.8,7.6,2012
12,OKC,Steven Adams,Pitt,8,588,0.591,0.077,0.548,26.9,9.6,7.7,1.2,49.1,0.149,0.3,9.1,2013
12,ORL,Dario Šarić,,5,356,0.441,0.357,0.838,25.2,11.7,5.9,2,16.4,0.088,-0.9,2.6,2014
12,UTA,Trey Lyles,Kentucky,6,374,0.435,0.341,0.705,17.9,7.3,4.2,1,10.9,0.079,-1.2,1.3,2015
12,UTA,Taurean Prince,Baylor,5,301,0.411,0.37,0.823,25.8,11.3,4.2,1.9,6.1,0.038,-1.9,0.1,2016
12,DET,Luke Kennard,Duke,4,227,0.449,0.413,0.86,22.3,9.4,2.7,2,9.7,0.092,-0.7,1.6,2017
12,LAC,Miles Bridges,Michigan State,3,211,0.461,0.354,0.816,26.6,10.8,5.1,1.7,8.8,0.075,-1.1,1.3,2018
13,POR,Brandon Rush,Kansas,9,481,0.426,0.402,0.706,22,6.8,2.9,1,11.2,0.051,-1.4,1.6,2008
13,IND,Tyler Hansbrough,UNC,7,428,0.439,0.136,0.738,16.9,6.7,4.2,0.4,20.2,0.134,-2,0,2009
13,TOR,Ed Davis,UNC,11,691,0.566,0,0.585,19.6,6.2,6.6,0.8,42.8,0.151,-0.2,6.1,2010
13,PHO,Markieff Morris,Kansas,10,698,0.446,0.341,0.776,25,11,5.3,1.6,26.7,0.074,-1.4,2.7,2011
13,PHO,Kendall Marshall,UNC,4,160,0.399,0.37,0.611,19.3,5,1.6,4.9,1,0.015,-3.5,-1.1,2012
13,DAL,Kelly Olynyk,Gonzaga,8,570,0.478,0.367,0.783,22.2,10.1,5.1,2,33.6,0.128,0.9,9,2013
13,MIN,Zach LaVine,UCLA,7,411,0.458,0.385,0.824,31.4,19.1,3.8,3.8,17.8,0.066,0.1,6.7,2014
13,PHO,Devin Booker,Kentucky,6,409,0.455,0.352,0.87,33.6,23,3.7,4.6,22.3,0.078,-0.1,6.4,2015
13,PHO,Georgios Papagiannis,,2,39,0.514,0,0.857,12.2,4.1,3.2,0.7,0.4,0.044,-3.9,-0.2,2016
13,DEN,Donovan Mitchell,Louisville,4,278,0.439,0.362,0.829,33.7,23.4,4.1,4.3,21.8,0.112,1.8,9.1,2017
13,LAC,Jerome Robinson,Boston College,3,113,0.363,0.31,0.721,14.2,4.5,1.8,1.2,-0.1,-0.003,-4.8,-1.1,2018
14,GSW,Anthony Randolph,LSU,6,252,0.453,0.241,0.74,15.2,7.1,4.3,0.7,5.8,0.072,-1.6,0.4,2008
14,PHO,Earl Clark,Louisville,6,261,0.403,0.328,0.664,13.9,4.4,3,0.5,2.9,0.038,-2.8,-0.8,2009
14,HOU,Patrick Patterson,Kentucky,11,719,0.447,0.369,0.755,20.8,6.7,3.9,1,31.9,0.102,-0.1,7.4,2010
14,HOU,Marcus Morris,Kansas,10,664,0.435,0.379,0.763,26.9,12.2,4.6,1.5,34,0.091,-0.5,6.8,2011
14,MIL,John Henson,UNC,8,445,0.54,0.25,0.568,19.7,7.6,5.3,1.1,20.7,0.113,-0.4,3.4,2012
14,UTA,Shabazz Muhammad,UCLA,5,278,0.473,0.319,0.751,17.2,9,2.8,0.5,8.5,0.085,-2,0,2013
14,PHO,T.J. Warren,NC State,7,332,0.507,0.357,0.78,28.8,15.5,4.1,1.2,19.6,0.099,-0.2,4.2,2014
14,OKC,Cameron Payne,Murray State,6,221,0.426,0.372,0.822,16.8,6.8,2,2.8,6.3,0.081,-0.7,1.3,2015
14,CHI,Denzel Valentine,Michigan State,4,232,0.394,0.357,0.787,19.8,7.4,3.5,2,4.3,0.045,-1.9,0.1,2016
14,MIA,Bam Adebayo,Kentucky,4,287,0.559,0.159,0.738,27.3,12.4,8,3.5,28.3,0.173,2.7,9.4,2017
14,DEN,Michael Porter Jr.,Missouri,2,116,0.532,0.439,0.806,24.3,14.4,6.1,1,9.8,0.167,2.5,3.2,2018
15,PHO,Robin Lopez,Stanford,13,903,0.536,0.293,0.747,22.1,8.8,5,0.8,48.2,0.116,-1,4.9,2008
15,DET,Austin Daye,Gonzaga,6,293,0.402,0.351,0.778,14.1,5.2,2.6,0.7,4.5,0.053,-2,0,2009
15,MIL,Larry Sanders,VCU,6,238,0.48,0,0.553,19.5,6.4,5.7,0.7,10.3,0.107,-1.1,1.1,2010
15,IND,Kawhi Leonard,San Diego State,10,576,0.493,0.384,0.858,31.3,19.2,6.4,2.9,83.3,0.222,6.8,40.1,2011
15,PHI,Maurice Harkless,St. John's,9,574,0.475,0.321,0.621,22.9,7,3.6,1,22.5,0.082,-0.7,4.3,2012
15,MIL,Giannis Antetokounmpo,,8,589,0.532,0.287,0.717,32.5,20.9,9.1,4.5,74.6,0.187,5.4,35.8,2013
15,ATL,Adreian Payne,Michigan State,4,107,0.406,0.254,0.68,13.1,4,2.9,0.6,-0.6,-0.019,-5.9,-1.4,2014
15,ATL,Kelly Oubre Jr.,Kansas,6,403,0.433,0.326,0.764,25,11.5,4.4,1,14.3,0.068,-1.9,0.2,2015
15,DEN,Juan Hernangómez,,5,257,0.43,0.351,0.693,16.4,5.7,3.5,0.7,7.2,0.082,-2,0,2016
15,POR,Justin Jackson,UNC,4,248,0.427,0.321,0.797,19.1,6.6,2.5,1.1,5.3,0.053,-2.8,-1,2017
15,WAS,Troy Brown Jr.,Oregon,3,155,0.432,0.33,0.754,19.6,7.3,4.1,1.9,3.5,0.055,-2.1,-0.1,2018
16,PHI,Marreese Speights,Florida,10,705,0.459,0.356,0.797,15.1,7.9,4.1,0.7,25.8,0.116,-2.2,-0.6,2008
16,CHI,James Johnson,Wake Forest,12,685,0.475,0.304,0.686,20.6,7.9,3.6,2.1,25.8,0.088,0.7,9.5,2009
16,MIN,Luke Babbitt,Nevada,8,381,0.408,0.402,0.747,14,4.8,2.2,0.6,7.2,0.065,-2.1,-0.1,2010
16,PHI,Nikola Vučević,USC,10,668,0.496,0.357,0.756,30.6,16.9,10.4,2.7,54.4,0.128,2.3,22.4,2011
16,HOU,Royce White,Iowa State,1,3,0,,,3,0,0,0,0,-0.121,-16.9,0,2012
16,BOS,Lucas Nogueira,,4,141,0.632,0.265,0.64,12.4,3.2,2.8,0.5,6,0.165,2.3,1.9,2013
16,CHI,Jusuf Nurkić,,7,355,0.494,0.207,0.668,23.2,11.8,8.2,2.1,19.7,0.115,0.5,5.1,2014
16,BOS,Terry Rozier,Louisville,6,404,0.41,0.376,0.814,24.7,11.5,3.8,2.9,18.1,0.087,0.3,5.8,2015
16,BOS,Guerschon Yabusele,,2,74,0.442,0.323,0.682,6.6,2.3,1.4,0.4,1.1,0.105,-1.9,0,2016
16,CHI,Justin Patton,Creighton,4,22,0.404,0.25,0.667,13.5,3.9,2.7,0.9,0.4,0.066,-2.6,0,2017
16,PHO,Zhaire Smith,Texas Tech,2,13,0.378,0.316,0.667,11,3.7,1.2,0.9,0,0.011,-6.1,-0.2,2018
17,TOR,Roy Hibbert,Georgetown,9,662,0.465,0.25,0.755,24.8,10,6.3,1.3,35.9,0.105,-1.1,3.5,2008
17,PHI,Jrue Holiday,UCLA,12,772,0.457,0.358,0.778,33.2,16,4,6.4,49.5,0.093,1.4,21.7,2009
17,CHI,Kevin Séraphin,,7,423,0.489,0,0.715,15.2,5.9,3.5,0.6,5.9,0.044,-4.3,-3.6,2010
17,NYK,Iman Shumpert,Georgia Tech,10,461,0.391,0.337,0.764,24.9,7.2,3.3,1.8,12.9,0.054,-1.7,0.9,2011
17,DAL,Tyler Zeller,UNC,8,414,0.508,0.286,0.764,17.5,6.9,4.4,0.9,17.1,0.113,-2,0,2012
17,ATL,Dennis Schröder,,8,557,0.436,0.337,0.831,26.2,14.3,2.9,4.7,20.5,0.067,-1.1,3.4,2013
17,BOS,James Young,Kentucky,4,95,0.367,0.277,0.563,8.5,2.3,1,0.3,0.8,0.046,-3.4,-0.3,2014
17,MIL,Rashad Vaughn,UNLV,3,139,0.337,0.313,0.692,12,3,1.1,0.5,-0.6,-0.017,-4.7,-1.2,2015
17,MEM,Wade Baldwin,Vanderbilt,3,56,0.355,0.25,0.776,10.3,3.1,1.2,1.4,-0.3,-0.028,-5.3,-0.5,2016
17,MIL,D.J. Wilson,Michigan,4,142,0.411,0.329,0.598,12.3,4.3,3.1,0.7,2.4,0.067,-2.9,-0.4,2017
17,MIL,Donte DiVincenzo,Villanova,3,159,0.432,0.349,0.728,23.6,9,4.8,2.4,8.5,0.108,0.3,2.2,2018
18,WAS,JaVale McGee,Nevada,13,747,0.571,0.175,0.595,17.1,7.8,5.2,0.4,37.5,0.141,0.1,6.6,2008
18,MIN,Ty Lawson,UNC,8,551,0.46,0.359,0.77,29.2,12.7,2.7,6,42.1,0.126,1.4,13.6,2009
18,OKC,Eric Bledsoe,Kentucky,11,702,0.453,0.337,0.785,28,14,3.9,4.7,44.7,0.109,1.7,18.3,2010
18,WAS,Chris Singleton,Florida State,3,148,0.376,0.319,0.633,17.6,4.1,3.2,0.6,2.3,0.042,-3.2,-0.8,2011
18,HOU,Terrence Jones,Kentucky,6,234,0.501,0.297,0.621,23.8,10.4,5.7,1,14.7,0.127,0.5,3.6,2012
18,ATL,Shane Larkin,Miami (FL),4,256,0.422,0.336,0.777,19.1,5.5,1.9,2.9,4.4,0.044,-2.4,-0.6,2013
18,PHO,Tyler Ennis,Syracuse,4,186,0.419,0.317,0.768,12.6,4.2,1.3,1.9,1.3,0.026,-3.4,-0.8,2014
18,HOU,Sam Dekker,Wisconsin,4,200,0.478,0.288,0.606,15.5,5.5,3,0.8,5.4,0.083,-1.4,0.5,2015
18,DET,Henry Ellenson,Marquette,5,83,0.371,0.336,0.773,9.5,4.1,2.5,0.6,0.4,0.023,-3.7,-0.3,2016
18,IND,T.J. Leaf,UCLA,4,146,0.492,0.341,0.585,8.5,3.3,1.9,0.3,2.7,0.104,-1.8,0.1,2017
18,SAS,Lonnie Walker,Miami (FL),3,138,0.419,0.369,0.773,19,8,2.3,1.3,0.7,0.014,-3.6,-1.1,2018
19,CLE,J.J. Hickson,NC State,8,534,0.505,0,0.617,22.3,9.5,6.8,0.8,21.9,0.088,-1.8,0.5,2008
19,ATL,Jeff Teague,Wake Forest,12,826,0.444,0.36,0.844,26.8,12.2,2.4,5.6,52.4,0.113,0.6,14.3,2009
19,BOS,Avery Bradley,Texas,11,598,0.435,0.363,0.78,28,11.5,2.9,1.8,16,0.046,-2.3,-1.3,2010
19,CHA,Tobias Harris,Tennessee,10,680,0.475,0.367,0.827,31,16.3,6.1,2.2,52.8,0.12,1.2,16.8,2011
19,ORL,Andrew Nicholson,St. Bonaventure,5,285,0.467,0.321,0.773,14.3,6,3,0.4,3.8,0.045,-3.6,-1.6,2012
19,CLE,Sergey Karasev,,3,95,0.395,0.282,0.842,11.7,3,1.5,0.9,0.8,0.036,-3.4,-0.4,2013
19,CHI,Gary Harris,Michigan State,7,407,0.45,0.359,0.805,28.9,11.9,2.6,2.1,18.6,0.076,-1.3,2.2,2014
19,WAS,Jerian Grant,Notre Dame,5,279,0.411,0.323,0.77,17.9,6.1,1.9,2.9,8.3,0.08,-1.6,0.5,2015
19,DEN,Malik Beasley,Florida State,5,257,0.446,0.391,0.816,19.6,9.9,2.3,1.2,7.6,0.072,-1.1,1.2,2016
19,ATL,John Collins,Wake Forest,4,239,0.567,0.38,0.777,28.6,16.6,8.4,1.5,23.1,0.162,1.4,5.8,2017
19,ATL,Kevin Huerter,Maryland,3,200,0.422,0.376,0.783,29.7,11.2,3.5,3.3,6.6,0.053,-1.5,0.8,2018
20,CHA,Alexis Ajinça,,7,293,0.503,0.286,0.797,13.3,5.3,3.9,0.5,7.5,0.093,-2.8,-0.8,2008
20,UTA,Eric Maynor,VCU,5,267,0.392,0.35,0.721,14.6,4.3,1.3,2.8,3.3,0.041,-2.9,-0.8,2009
20,SAS,James Anderson,Oklahoma State,5,247,0.411,0.321,0.755,17.5,5.8,2.3,1.2,3.3,0.037,-2.7,-0.8,2010
20,MIN,Donatas Motiejūnas,,6,251,0.469,0.3,0.597,18.2,7.3,3.8,1.1,7.1,0.075,-2.5,-0.5,2011
20,DEN,Evan Fournier,,9,565,0.45,0.379,0.805,28.5,14.3,2.8,2.7,26.8,0.08,-1,4.1,2012
20,CHI,Tony Snell,New Mexico,8,548,0.433,0.397,0.844,22.4,6.4,2.3,1.2,18.1,0.071,-1.9,0.3,2013
20,TOR,Bruno Caboclo,,7,105,0.403,0.308,0.836,12.3,4.2,2.6,0.7,1.5,0.054,-2.7,-0.2,2014
20,TOR,Delon Wright,Utah,6,334,0.453,0.35,0.792,21.3,7.8,3.3,3.2,19.2,0.129,2.1,7.3,2015
20,IND,Caris LeVert,Michigan,5,260,0.435,0.336,0.732,26.8,14.1,3.9,3.9,9.7,0.066,-0.4,2.7,2016
20,POR,Harry Giles,Duke,3,142,0.511,0.258,0.671,12.9,5.9,3.8,1.2,3,0.079,-2.5,-0.2,2017
20,MIN,Josh Okogie,Georgia Tech,3,195,0.403,0.273,0.766,23.1,7.3,3.3,1.3,4.7,0.05,-3,-1.2,2018
21,NJN,Ryan Anderson,California,12,649,0.422,0.38,0.854,25.8,12.3,5.3,0.9,46.7,0.134,1,12.8,2008
21,NOH,Darren Collison,UCLA,10,708,0.471,0.394,0.853,29.4,12.5,2.7,5,49.9,0.115,0.6,13.5,2009
21,OKC,Craig Brackins,Iowa State,2,17,0.265,0.214,0.5,7.1,1.8,1.1,0.5,-0.2,-0.089,-9.9,-0.2,2010
21,POR,Nolan Smith,Duke,2,84,0.371,0.26,0.714,9.9,3.3,1,1.2,-0.8,-0.047,-6,-0.8,2011
21,BOS,Jared Sullinger,Ohio State,5,269,0.436,0.272,0.723,24.3,10.8,7.5,1.8,15.3,0.113,-0.4,2.7,2012
21,UTA,Gorgui Dieng,Louisville,8,553,0.501,0.357,0.793,21.5,7.8,6,1.4,29.5,0.119,0.3,6.9,2013
21,OKC,Mitch McGary,Michigan,2,52,0.527,0,0.58,10.7,4.4,3.5,0.3,1.3,0.108,-2.6,-0.1,2014
21,DAL,Justin Anderson,Virginia,5,226,0.413,0.296,0.774,13.1,5.2,2.5,0.7,4.6,0.074,-1.4,0.5,2015
21,ATL,DeAndre' Bembry,Saint Joseph's,5,240,0.459,0.268,0.612,19.4,6.1,3.3,1.9,2.2,0.023,-2.7,-0.8,2016
21,OKC,Terrance Ferguson,,4,204,0.404,0.334,0.753,19.6,4.5,1.3,0.7,4.4,0.053,-4,-2.1,2017
21,UTA,Grayson Allen,Duke,3,126,0.423,0.381,0.832,19,8.5,2.1,1.5,3.9,0.078,-1.8,0.2,2018
22,ORL,Courtney Lee,Western Kentucky,12,811,0.451,0.388,0.853,27.1,9.6,2.6,1.7,39.3,0.086,-0.6,7.9,2008
22,POR,Victor Claver,,3,80,0.398,0.293,0.585,13.4,3.2,2.2,0.7,0.2,0.011,-3.6,-0.4,2009
22,POR,Elliot Williams,Memphis,4,109,0.421,0.31,0.669,13.5,4.9,1.5,0.9,0.7,0.024,-4.9,-1.1,2010
22,DEN,Kenneth Faried,Morehead State University,8,478,0.546,0.222,0.654,24.5,11.4,8.1,1,38.8,0.159,0.5,7.5,2011
22,BOS,Fab Melo,Syracuse,1,6,0.5,,0.25,6,1.2,0.5,0,0,0.021,-7.6,-0.1,2012
22,BRK,Mason Plumlee,Duke,8,588,0.579,0.051,0.572,22.1,8.5,6.5,2.4,39.5,0.146,1.4,11.3,2013
22,MEM,Jordan Adams,UCLA,2,32,0.402,0.385,0.607,8.2,3.2,0.9,0.6,0.4,0.07,1.7,0.2,2014
22,CHI,Bobby Portis,Arkansas,6,381,0.468,0.38,0.752,20.5,10.4,6.1,1.2,15.6,0.096,-0.8,2.3,2015
22,CHO,Malachi Richardson,Syracuse,3,70,0.358,0.301,0.783,8.9,2.8,1,0.3,-0.1,-0.009,-6.1,-0.7,2016
22,BRK,Jarrett Allen,Texas,4,285,0.611,0.2,0.696,25.4,10.7,8.3,1.3,26.5,0.175,1.2,5.8,2017
22,CHI,Chandler Hutchison,Boise State,3,97,0.441,0.309,0.638,18.2,5.7,3.8,0.8,1.2,0.032,-3.9,-0.9,2018
23,UTA,Kosta Koufos,Ohio State,11,686,0.534,0,0.582,16.4,5.7,5,0.5,28.3,0.12,-1.3,2,2008
23,SAC,Omri Casspi,,10,588,0.454,0.368,0.678,20.3,7.9,4,1.1,19.6,0.078,-0.8,3.5,2009
23,MIN,Trevor Booker,Clemson,8,532,0.515,0.305,0.636,20.4,6.9,5.5,1.1,26.2,0.116,-0.5,4.2,2010
23,HOU,Nikola Mirotić,,5,319,0.423,0.359,0.808,24.2,12.3,5.9,1.3,20.8,0.129,1.6,7.1,2011
23,ATL,John Jenkins,Vanderbilt,6,171,0.441,0.367,0.847,12.8,5,1.5,0.8,3,0.065,-1.9,0.1,2012
23,IND,Solomon Hill,Arizona,8,435,0.39,0.333,0.797,21.9,5.6,3.2,1.5,11.9,0.06,-2.2,-0.4,2013
23,UTA,Rodney Hood,Duke,7,396,0.422,0.367,0.839,25.9,11.3,2.7,1.8,16.7,0.078,-1.1,2.2,2014
23,POR,Rondae Hollis-Jefferson,Arizona,6,305,0.449,0.212,0.735,22.2,9,5.5,1.9,12.9,0.091,-0.7,2.3,2015
23,BOS,Ante Žižić,,3,113,0.581,,0.711,13.4,6,3.9,0.6,3.5,0.11,-2.6,-0.2,2016
23,TOR,OG Anunoby,Indiana,4,253,0.48,0.375,0.692,25,9.2,3.9,1.2,13.8,0.105,0,3.1,2017
23,IND,Aaron Holiday,UCLA,3,182,0.403,0.372,0.832,18.9,7.7,1.7,2.4,3.2,0.045,-2.5,-0.4,2018
24,SEA,Serge Ibaka,,12,849,0.514,0.359,0.759,28.3,12.5,7.3,0.8,70.8,0.141,0.6,15.5,2008
24,DAL,Byron Mullens,Ohio State,5,189,0.408,0.319,0.706,18.2,7.4,4.2,0.8,0.6,0.008,-4,-1.8,2009
24,ATL,Damion James,Texas,4,39,0.415,0,0.667,16,3.8,3.4,0.7,0,-0.001,-3.7,-0.3,2010
24,OKC,Reggie Jackson,Boston College,10,628,0.43,0.349,0.855,24.9,12.6,2.9,4.2,33.1,0.101,0.4,9.5,2011
24,CLE,Jared Cunningham,Oregon State,4,84,0.347,0.306,0.674,7.2,2.3,0.7,0.5,0.2,0.017,-5.7,-0.6,2012
24,NYK,Tim Hardaway Jr.,Michigan,8,544,0.425,0.36,0.816,26.8,13.9,2.7,1.8,23.8,0.078,-0.9,4.1,2013
24,CHH,Shabazz Napier,UConn,6,345,0.397,0.345,0.815,17.4,7.1,1.9,2.5,8.1,0.065,-0.7,2,2014
24,CLE,Tyus Jones,Duke,6,382,0.431,0.34,0.818,17.9,5.7,1.6,3.6,14.2,0.1,0,3.5,2015
24,PHI,Timothé Luwawu-Cabarrot,,5,276,0.39,0.331,0.827,16.6,6.2,2.1,0.9,3.9,0.041,-4.2,-2.6,2016
24,UTA,Tyler Lydon,Syracuse,2,26,0.5,0.4,0.333,3.7,0.9,0.7,0.2,0.2,0.084,-4.3,-0.1,2017
24,POR,Anfernee Simons,,3,154,0.41,0.382,0.794,17.5,7.5,2,1.3,2,0.036,-3.2,-0.8,2018
25,HOU,Nicolas Batum,,13,856,0.436,0.36,0.841,31,11.3,5.2,3.6,59.7,0.108,1.6,24.2,2008
25,OKC,Rodrigue Beaubois,,4,182,0.439,0.325,0.81,15.9,7.1,1.9,2.1,4.8,0.079,-0.1,1.4,2009
25,MEM,Dominique Jones,South Florida,3,80,0.366,0.095,0.729,9.3,3.1,1.4,1.8,0.3,0.017,-2.4,-0.1,2010
25,BOS,MarShon Brooks,Providence,5,200,0.447,0.345,0.751,17.3,8,2.1,1.4,3.3,0.046,-1.6,0.4,2011
25,MEM,Tony Wroten,Washington,4,145,0.413,0.231,0.647,21.2,11.1,2.5,3,-1.3,-0.021,-3.4,-1.1,2012
25,LAC,Reggie Bullock,UNC,8,366,0.433,0.392,0.844,21.5,7.6,2.3,1.2,14.9,0.091,-0.6,2.7,2013
25,HOU,Clint Capela,,7,397,0.626,0,0.534,26.6,12.7,10.4,0.9,44.5,0.202,2,10.6,2014
25,MEM,Jarell Martin,LSU,4,184,0.434,0.346,0.766,15.9,5.4,3.5,0.6,3.2,0.053,-4.3,-1.7,2015
25,LAC,Brice Johnson,UNC,2,21,0.449,0,0.6,5.1,2.2,1.6,0.1,0.1,0.062,-0.6,0,2016
25,ORL,Anžejs Pasečņiks,,2,28,0.521,0,0.586,15.8,5.6,3.9,0.7,0.4,0.038,-6.2,-0.5,2017
25,LAL,Moritz Wagner,Michigan,3,133,0.48,0.315,0.817,15.1,6.8,3.4,1,3.1,0.075,-2.9,-0.4,2018
26,SAS,George Hill,IUPUI,13,815,0.458,0.384,0.803,27.5,11,3.1,3.2,66.9,0.143,1.4,19.1,2008
26,CHI,Taj Gibson,USC,12,844,0.518,0.218,0.71,24.9,9.3,6.2,1,56.2,0.128,-0.7,7.2,2009
26,OKC,Quincy Pondexter,Washington,7,355,0.423,0.356,0.746,15.6,4.5,1.8,0.7,9.7,0.084,-1.8,0.3,2010
26,DAL,Jordan Hamilton,Texas,5,151,0.408,0.357,0.67,13.9,5.9,2.8,0.8,3,0.069,-0.1,1,2011
26,IND,Miles Plumlee,Duke,7,346,0.542,,0.543,16.4,4.9,4.5,0.5,10.6,0.09,-1.9,0.2,2012
26,MIN,Andre Roberson,Colorado,7,307,0.473,0.253,0.468,22.2,4.5,4,0.9,12.6,0.089,-0.6,2.3,2013
26,MIA,P.J. Hairston,UNC,2,111,0.343,0.295,0.81,18,6,2.4,0.5,0.9,0.021,-3.9,-1,2014
26,SAS,Nikola Milutinov,,,,,,,,,,,,,,,2015
26,PHI,Furkan Korkmaz,,4,189,0.411,0.377,0.754,17.9,8,2.1,1.1,5.9,0.084,-1.2,0.7,2016
26,POR,Caleb Swanigan,Purdue,3,75,0.438,0.118,0.614,8.7,2.3,2.9,0.7,-0.2,-0.015,-6.2,-0.7,2017
26,PHI,Landry Shamet,Wichita State,3,193,0.416,0.397,0.834,24.1,9.2,1.8,1.6,8,0.083,-2,0,2018
27,NOH,Darrell Arthur,Kansas,9,503,0.444,0.352,0.765,17.8,6.5,3.5,0.8,12.3,0.066,-2.2,-0.4,2008
27,MEM,DeMarre Carroll,Missouri,11,578,0.43,0.358,0.741,23.7,8.9,4.2,1.3,29.5,0.104,0,6.7,2009
27,NJN,Jordan Crawford,Xavier,6,281,0.411,0.317,0.826,24.4,12.2,2.5,3.1,6.3,0.044,-1.3,1.3,2010
27,NJN,JaJuan Johnson,Purdue,1,36,0.446,,0.667,8.3,3.2,1.6,0.2,0.2,0.032,-3.9,-0.1,2011
27,MIA,Arnett Moultrie,Mississippi State,2,59,0.547,,0.667,12.4,3.6,3.1,0.2,1.7,0.113,-2.8,-0.1,2012
27,DEN,Rudy Gobert,,8,545,0.645,0,0.63,29.7,12,11.3,1.3,74.9,0.222,3.9,24,2013
27,PHO,Bogdan Bogdanović,,4,253,0.441,0.388,0.816,28.4,14,3.3,3.5,12.5,0.084,0.2,4.1,2014
27,LAL,Larry Nance Jr.,Wyoming,6,350,0.529,0.333,0.687,24.2,8.3,6.7,1.9,22.2,0.125,1.2,6.8,2015
27,TOR,Pascal Siakam,New Mexico State,5,332,0.488,0.325,0.782,27.7,14.3,5.8,2.7,25.2,0.131,1.2,7.4,2016
27,BRK,Kyle Kuzma,Utah,4,276,0.448,0.338,0.727,29.7,15.2,5.6,1.9,12.2,0.072,-1.2,1.5,2017
27,BOS,Robert Williams,Texas A&M,3,113,0.72,0,0.623,14.7,5.7,5,1.1,8.5,0.247,5.1,3,2018
28,MEM,Donté Greene,Syracuse,4,253,0.406,0.304,0.701,16.8,6.1,2.4,0.7,1.5,0.017,-2.8,-0.9,2008
28,MIN,Wayne Ellington,UNC,12,727,0.41,0.382,0.843,21,8.1,2.2,1.1,20.1,0.063,-1.5,2,2009
28,MEM,Greivis Vásquez,Maryland,7,401,0.418,0.349,0.817,23.7,9,2.5,4.8,12.6,0.064,-1.2,1.9,2010
28,CHI,Norris Cole,Cleveland State University,6,360,0.407,0.324,0.743,22.3,7,2,2.7,3,0.018,-4.1,-4.1,2011
28,OKC,Perry Jones,Baylor,3,143,0.42,0.293,0.66,11.7,3.4,1.8,0.4,1.7,0.048,-3.5,-0.6,2012
28,SAS,Livio Jean-Charles,,,,,,,,,,,,,,,2013
28,LAC,C.J. Wilcox,Washington,3,66,0.37,0.333,0.813,5.7,2,0.5,0.5,0.1,0.007,-4.3,-0.2,2014
28,BOS,R.J. Hunter,Georgia State University,4,45,0.371,0.295,0.818,8.8,3,1,0.4,0.4,0.051,-2,0,2015
28,PHO,Skal Labissière,Kentucky,4,148,0.492,0.353,0.748,17.5,7.2,4.5,1,4.4,0.081,-2.3,-0.2,2016
28,LAL,Tony Bradley,UNC,4,112,0.649,0.429,0.676,12.6,5.4,4.8,0.6,6.1,0.208,0.9,1,2017
28,GSW,Jacob Evans,Cincinnati,2,59,0.337,0.315,0.833,10.5,2.8,1.1,0.9,-0.6,-0.047,-7.4,-0.8,2018
29,DET,D.J. White,Indiana,6,138,0.507,0.333,0.72,15.3,5.9,3.2,0.6,3.8,0.087,-2.1,0,2008
29,LAL,Toney Douglas,Florida State,8,394,0.404,0.354,0.824,19.1,7.6,2.2,2.3,12.1,0.077,-0.8,2.2,2009
29,ORL,Daniel Orton,Kentucky,3,51,0.485,0,0.597,10.6,2.8,2.5,0.5,1,0.093,-3.5,-0.2,2010
29,SAS,Cory Joseph,Texas,10,663,0.444,0.333,0.774,22,7,2.6,2.9,26.2,0.086,-1,3.8,2011
29,CHI,Marquis Teague,Kentucky,3,91,0.343,0.222,0.661,10,2.4,1,1.5,-0.9,-0.045,-6.5,-1,2012
29,OKC,Archie Goodwin,Kentucky,4,165,0.429,0.236,0.7,14.5,6.3,2,1.2,1.1,0.022,-3,-0.6,2013
29,OKC,Josh Huestis,Stanford,3,76,0.346,0.312,0.24,14.1,2.5,2.4,0.3,0.7,0.03,-3.5,-0.4,2014
29,BRK,Chris McCullough,Syracuse,3,59,0.426,0.306,0.548,9,3.3,1.9,0.3,0.6,0.054,-2.5,-0.1,2015
29,SAS,Dejounte Murray,Washington,4,252,0.452,0.332,0.758,23.4,10.1,5.4,3.6,9.1,0.074,0.2,3.3,2016
29,SAS,Derrick White,Colorado,4,188,0.452,0.357,0.825,24.5,10.8,3.2,3.4,10.2,0.106,1.1,3.6,2017
29,BRK,Džanan Musa,,2,49,0.376,0.227,0.726,10.7,4.3,1.9,0.9,0,0.003,-4.6,-0.4,2018
30,BOS,J.R. Giddens,New Mexico,2,38,0.476,0,0.565,6.5,1.9,1.4,0.3,0.1,0.027,-4.3,-0.1,2008
30,CLE,Christian Eyenga,,2,51,0.411,0.277,0.611,20.6,6.3,2.7,0.8,-0.4,-0.02,-4.2,-0.6,2009
30,WAS,Lazar Hayward,Marquette,3,72,0.347,0.269,0.767,8.2,2.9,1.3,0.5,0.2,0.02,-4.2,-0.3,2010
30,CHI,Jimmy Butler,Marquette,10,633,0.458,0.327,0.838,33.1,17.4,5.2,4,84.4,0.194,4.5,34.2,2011
30,GSW,Festus Ezeli,Vanderbilt,3,170,0.513,,0.557,14.1,4.2,4.3,0.4,5.9,0.119,-2,0,2012
30,PHO,Nemanja Nedović,,1,24,0.205,0.167,0.875,5.9,1.1,0.6,0.5,-0.4,-0.132,-10,-0.3,2013
30,SAS,Kyle Anderson,UCLA,7,436,0.483,0.335,0.724,20.9,6.5,4.2,2.3,23.5,0.124,1.8,8.7,2014
30,GSW,Kevon Looney,UCLA,6,285,0.566,0.175,0.609,15,4.3,4,1.2,13.7,0.153,-0.8,1.3,2015
30,GSW,Damian Jones,Vanderbilt,5,143,0.669,0.214,0.691,14.1,4.6,3.1,0.7,5.9,0.141,-1.5,0.3,2016
30,UTA,Josh Hart,Villanova,4,242,0.432,0.348,0.728,26,8.7,5.4,1.6,11.4,0.087,-0.8,1.9,2017
30,ATL,Omari Spellman,Villanova,2,95,0.417,0.366,0.766,17.8,6.8,4.3,1,2.4,0.068,-1.5,0.2,2018
31,MIN,Nikola Peković,,6,271,0.518,,0.76,24.9,12.6,6.7,0.7,18.8,0.134,-0.7,2.2,2008
31,SAC,Jeff Ayres,Arizona State,6,237,0.553,0.4,0.776,9.8,2.9,2.7,0.4,6.3,0.131,-2.3,-0.2,2009
31,NJN,Tibor Pleiß,,1,12,0.44,0,1,6.8,2,1.3,0.2,-0.1,-0.041,-11.6,-0.2,2010
31,MIA,Bojan Bogdanović,,7,534,0.457,0.393,0.862,28.8,14.6,3.5,1.5,27.8,0.087,-1.1,3.6,2011
31,CHA,Jeff Taylor,Vanderbilt,3,132,0.409,0.319,0.665,19.4,6.1,2,0.8,1.3,0.024,-4.2,-1.5,2012
31,CLE,Allen Crabbe,California,7,381,0.425,0.387,0.831,24,9.1,2.8,1.1,13.7,0.072,-1.6,0.9,2013
31,MIL,Damien Inglis,,1,20,0.351,0.231,0.875,7.8,1.8,1.6,0.5,-0.1,-0.024,-5.6,-0.1,2014
31,MIN,Cedi Osman,,4,261,0.42,0.347,0.736,25,9.8,3.5,2.2,4.4,0.032,-2.9,-1.5,2015
31,BOS,Deyonta Davis,Michigan State,3,107,0.599,0,0.635,12.1,4.2,3.2,0.4,3.6,0.131,-2.1,0,2016
31,CHO,Frank Jackson,Duke,3,160,0.431,0.348,0.767,16.9,7.9,1.9,1,1.8,0.031,-4.2,-1.5,2017
31,PHO,Elie Okobo,,2,108,0.395,0.315,0.737,15.5,4.8,1.7,2.2,0.5,0.014,-4.1,-0.9,2018
32,SEA,Walter Sharpe,UAB,1,8,0.364,0,0,2.5,1,0.4,0,-0.1,-0.131,-10.1,0,2008
32,WAS,Jermaine Taylor,Central Florida,2,65,0.441,0.284,0.73,12.1,5.4,1.7,0.7,0.2,0.014,-3.7,-0.3,2009
32,MIA,Dexter Pittman,Texas,4,50,0.45,,0.545,6.9,2.3,1.8,0.2,0.5,0.068,-7.7,-0.5,2010
32,CLE,Justin Harper,Richmond,3,22,0.34,0.276,0.333,6.8,2,0.8,0.2,-0.3,-0.093,-8.7,-0.2,2011
32,WAS,Tomáš Satoranský,,5,333,0.477,0.366,0.822,23.2,7.4,3,4.2,16.9,0.105,-0.6,2.8,2012
32,OKC,Álex Abrines,,3,174,0.387,0.368,0.88,16,5.3,1.4,0.5,5,0.086,-1.9,0.1,2013
32,PHI,K.J. McDaniels,Clemson,3,148,0.412,0.29,0.776,14.1,5.3,2.2,0.6,1.3,0.03,-2.8,-0.4,2014
32,HOU,Montrezl Harrell,Louisville,6,387,0.616,0.083,0.65,21.2,12.8,5.2,1.3,33.4,0.195,2.6,9.6,2015
32,LAL,Ivica Zubac,,5,284,0.588,0.1,0.766,17.6,7.8,6,1,18.9,0.181,0.5,3.1,2016
32,PHO,Davon Reed,Miami (FL),2,31,0.307,0.31,0.667,9.3,2.4,1.5,0.5,-0.2,-0.039,-6.3,-0.3,2017
32,MEM,Jevon Carter,West Virginia,3,157,0.386,0.381,0.803,14.3,4.5,1.8,1.4,3.3,0.072,-0.6,0.8,2018
33,POR,Joey Dorsey,Memphis,4,130,0.534,0,0.375,11.4,2.6,3.9,0.4,2.9,0.092,-2.7,-0.3,2008
33,POR,Dante Cunningham,Villanova,10,715,0.469,0.345,0.649,20.8,5.8,3.7,0.7,24.9,0.08,-1.7,1.1,2009
33,SAC,Hassan Whiteside,Marshall,9,446,0.581,0.308,0.603,25.7,13.3,11.3,0.7,46.2,0.193,2.6,13.3,2010
33,DET,Kyle Singler,Duke,6,356,0.418,0.362,0.786,21.9,6.5,2.9,0.8,10,0.062,-2.5,-0.9,2011
33,CLE,Bernard James,Florida State,3,92,0.497,0,0.68,8.3,2.2,2.3,0.1,1.9,0.117,-1.8,0,2012
33,CLE,Carrick Felix,Arizona State,1,7,0.5,0.4,0.75,5.4,2.7,0.9,0.6,0,0.057,-3.4,0,2013
33,CLE,Joe Harris,Virginia,7,400,0.484,0.438,0.779,25.4,11.1,3.2,1.7,20,0.094,-0.6,3.7,2014
33,BOS,Jordan Mickey,LSU,3,64,0.449,0.118,0.605,7.5,2.4,2,0.3,0.5,0.05,-4.8,-0.3,2015
33,LAC,Cheick Diallo,Kansas,4,180,0.598,0.286,0.772,12,5.3,4.2,0.4,6.3,0.14,-1.3,0.4,2016
33,ORL,Wesley Iwundu,Kansas State,4,223,0.407,0.286,0.799,16.8,4.3,2.4,0.9,4.2,0.053,-3.8,-1.8,2017
33,DAL,Jalen Brunson,Villanova,3,198,0.489,0.373,0.775,21.8,10.1,2.7,3.3,9.8,0.109,-0.6,1.5,2018
34,MIN,Mario Chalmers,Kansas,9,646,0.417,0.351,0.793,26.7,8.9,2.5,3.7,32.3,0.09,-0.6,5.9,2008
34,DEN,Sergio Llull,,,,,,,,,,,,,,,2009
34,POR,Armon Johnson,Nevada,2,47,0.458,0.4,0.679,8.5,3.3,1,1.2,-0.1,-0.015,-4.1,-0.2,2010
34,WAS,Shelvin Mack,Butler,8,456,0.423,0.33,0.731,18.4,6.6,2,3.1,10.3,0.059,-1.9,0.1,2011
34,CLE,Jae Crowder,Marquette,9,668,0.419,0.346,0.777,25,9.6,4.2,1.6,35.9,0.103,0.2,9.3,2012
34,HOU,Isaiah Canaan,Murray State,6,235,0.371,0.351,0.836,20.4,8.1,1.9,1.9,4.3,0.043,-2.4,-0.5,2013
34,NYK,Cleanthony Early,Wichita State,2,56,0.346,0.263,0.75,14.3,4.3,2.2,0.8,-0.6,-0.039,-5.9,-0.8,2014
34,LAL,Anthony Brown,Stanford,3,41,0.328,0.286,0.85,18.6,3.9,2.5,0.7,-0.2,-0.016,-5.1,-0.6,2015
34,PHO,Tyler Ulis,Kentucky,3,133,0.403,0.28,0.808,20.9,7.5,1.7,4,0.5,0.008,-3.6,-1.1,2016
34,SAC,Frank Mason III,Kansas,4,103,0.396,0.301,0.755,15.7,6.7,2,2.6,1.2,0.035,-2.7,-0.3,2017
34,ATL,Devonte' Graham,Kansas,3,164,0.376,0.364,0.822,27.7,13.3,2.6,5.4,7.3,0.077,-0.2,2.1,2018
35,LAC,DeAndre Jordan,Texas A&M,13,932,0.674,0.083,0.475,27.4,9.4,10.6,1,92.5,0.174,1.4,21.7,2008
35,DET,DaJuan Summers,Georgetown,4,83,0.384,0.367,0.642,9.9,3.3,1,0.3,-0.1,-0.008,-5.8,-0.8,2009
35,WAS,Nemanja Bjelica,,6,378,0.465,0.387,0.765,21.2,7.9,4.6,1.8,16.9,0.101,0.2,4.3,2010
35,SAC,Tyler Honeycutt,UCLA,2,24,0.314,0.2,0.714,5,1.2,1,0.4,-0.1,-0.049,-5.1,-0.1,2011
35,GSW,Draymond Green,Michigan State,9,639,0.436,0.316,0.715,28.5,8.8,6.9,5.3,49,0.129,2.6,21.3,2012
35,PHI,Glen Rice Jr.,Georgia Tech,2,16,0.269,0.25,0.692,9.5,2.7,1.5,0.6,-0.2,-0.065,-6.6,-0.2,2013
35,UTA,Jarnell Stokes,Tennessee,3,28,0.581,,0.531,5.4,2.4,1.4,0.3,0.6,0.202,0.1,0.1,2014
35,PHI,Willy Hernangómez,,5,256,0.537,0.306,0.683,15,7.1,5.7,1,11.5,0.143,0.1,2,2015
35,BOS,Rade Zagorac,,,,,,,,,,,,,,,2016
35,ORL,Ivan Rabb,California,2,85,0.555,0.2,0.743,14.6,5.7,4.3,1,3.2,0.125,-1.7,0.1,2017
35,ORL,Melvin Frazier,Tulane,2,29,0.4,0.364,0.375,5.9,1.9,0.5,0.1,0,0.008,-5.4,-0.2,2018
36,POR,Ömer Aşık,,8,471,0.528,0,0.551,19.6,5.3,7.1,0.6,20.9,0.109,-1.9,0.1,2008
36,MEM,Sam Young,Pitt,4,249,0.442,0.28,0.742,15.9,5.8,2.3,0.7,5.2,0.063,-2.1,-0.1,2009
36,DET,Terrico White,Ole Miss,,,,,,,,,,,,,,2010
36,NJN,Jordan Williams,Maryland,1,43,0.507,,0.652,14.8,4.6,3.6,0.3,1.3,0.101,-2.1,0,2011
36,SAC,Orlando Johnson,UC Santa Barbara,3,103,0.358,0.311,0.727,10.8,3.2,1.7,0.7,1.4,0.059,-2.4,-0.1,2012
36,SAC,Ray McCallum,Detroit Mercy,3,154,0.408,0.335,0.711,18.2,6,2,2.4,2.1,0.035,-2.6,-0.4,2013
36,MIL,Johnny O'Bryant,LSU,4,147,0.402,0.36,0.663,11.5,3.5,2.4,0.5,0.2,0.006,-6.2,-1.8,2014
36,MIN,Rakeem Christmas,Syracuse,2,30,0.467,,0.724,7.5,2.1,1.9,0.1,0.5,0.105,-4.7,-0.2,2015
36,MIL,Malcolm Brogdon,Virginia,5,297,0.466,0.386,0.887,29.8,15.1,4.1,4.7,21.5,0.117,0.8,6.4,2016
36,PHI,Jonah Bolden,,2,51,0.486,0.34,0.484,13.5,4.3,3.4,0.8,1.4,0.098,-1.3,0.1,2017
36,NYK,Mitchell Robinson,,3,158,0.705,,0.568,22.9,8.4,7,0.6,16.3,0.216,2.3,3.9,2018
37,MIL,Luc Mbah a Moute,UCLA,12,689,0.454,0.334,0.659,23.3,6.4,4.1,0.9,26,0.078,-1.5,2,2008
37,SAS,DeJuan Blair,Pitt,7,424,0.524,0,0.608,16.6,6.8,5.1,0.8,19,0.129,-1.2,1.4,2009
37,MIL,Darington Hobson,New Mexico,1,5,0.154,0,,7.8,0.8,0.6,1.2,-0.2,-0.225,-13,-0.1,2010
37,LAC,Trey Thompkins,Georgia,1,24,0.393,0.308,0.714,5,2.4,1,0.1,0,0.004,-5.7,-0.1,2011
37,TOR,Quincy Acy,Baylor,7,337,0.444,0.35,0.759,16,4.9,3.5,0.6,8.7,0.078,-2,-0.1,2012
37,DET,Tony Mitchell,University of North Texas,1,21,0.417,1,0.579,3.8,1,1.2,0.1,0.2,0.151,0.4,0,2013
37,TOR,DeAndre Daniels,UConn,,,,,,,,,,,,,,2014
37,PHI,Richaun Holmes,Bowling Green,6,331,0.597,0.252,0.741,20.7,9.5,5.6,1.1,23.4,0.164,0.5,4.3,2015
37,HOU,Chinanu Onuaku,Louisville,2,6,0.583,,1,12.3,3,2.3,0.7,0.1,0.043,-5.4,-0.1,2016
37,BOS,Semi Ojeleye,SMU,4,254,0.394,0.349,0.701,14.6,3.5,2.1,0.5,5,0.064,-3.3,-1.2,2017
37,SAC,Gary Trent Jr.,Duke,3,134,0.417,0.393,0.778,24.2,11,2,1.1,3.9,0.058,-2,0,2018
38,CHA,Kyle Weaver,Washington State,3,73,0.441,0.353,0.736,18.9,5,2.2,1.6,1.5,0.051,-1.1,0.3,2008
38,POR,Jon Brockman,Washington,3,150,0.488,0,0.618,10.5,2.1,3.1,0.3,3.7,0.113,-3.9,-0.8,2009
38,NYK,Andy Rautins,Syracuse,1,5,0.429,0.25,0.5,4.8,1.6,0.2,0.6,-0.2,-0.314,-13.2,-0.1,2010
38,HOU,Chandler Parsons,Florida,9,440,0.462,0.373,0.713,30.1,12.7,4.5,2.7,28.9,0.105,1.1,10.2,2011
38,DEN,Quincy Miller,Baylor,3,69,0.35,0.292,0.706,13.5,4.3,2.4,0.5,-0.1,-0.003,-3.9,-0.5,2012
38,WAS,Nate Wolters,South Dakota State,3,84,0.423,0.261,0.635,18.8,5.5,2.2,2.5,0.9,0.028,-2.6,-0.2,2013
38,DET,Spencer Dinwiddie,Colorado,7,320,0.41,0.318,0.794,25.7,12.9,2.8,5,18.4,0.107,0.3,4.8,2014
38,DET,Darrun Hilliard,Villanova,3,91,0.377,0.304,0.747,9.4,3.2,0.9,0.8,0.3,0.016,-4.7,-0.6,2015
38,MIL,Patrick McCaw,UNLV,5,199,0.42,0.305,0.785,16.9,3.8,1.6,1.4,4.4,0.062,-2.8,-0.6,2016
38,CHI,Jordan Bell,Oregon,4,160,0.552,0.2,0.636,12.1,3.7,3.1,1.3,4.9,0.121,0.2,1.1,2017
38,PHI,Khyri Thomas,Creighton,3,39,0.388,0.316,0.75,10.5,4.1,1,0.9,0.5,0.058,-2.7,-0.1,2018
39,CHI,Sonny Weems,Arkansas,4,183,0.465,0.283,0.702,18.2,6.5,2.2,1.4,0,0.001,-4.2,-1.8,2008
39,DET,Jonas Jerebko,,9,635,0.457,0.363,0.77,17.8,6.2,4,0.8,25.8,0.109,-1,2.9,2009
39,NYK,Landry Fields,Stanford,5,255,0.473,0.332,0.666,23.6,6.8,4.3,1.6,10.5,0.084,-0.3,2.6,2010
39,CHA,Jeremy Tyler,,3,104,0.45,0,0.557,9.9,3.6,2.6,0.2,0.3,0.014,-7,-1.3,2011
39,DET,Khris Middleton,Texas A&M,9,585,0.46,0.395,0.879,31.7,16.8,4.8,3.6,45.2,0.117,0.6,12.4,2012
39,POR,Jeff Withey,Kansas,5,206,0.525,0.143,0.716,10.1,3.2,2.5,0.3,6.8,0.157,0.5,1.3,2013
39,PHI,Jerami Grant,Syracuse,7,508,0.457,0.347,0.705,25.5,10.7,3.9,1.3,25.8,0.095,-0.6,4.4,2014
39,CHO,Juan Pablo Vaulet,,,,,,,,,,,,,,,2015
39,NOP,David Michineau,,,,,,,,,,,,,,,2016
39,PHI,Jawun Evans,Oklahoma State,2,56,0.345,0.263,0.776,15.1,4.2,1.7,2,-0.4,-0.022,-5.4,-0.7,2017
39,PHI,Isaac Bonga,,3,128,0.44,0.302,0.769,14.1,3.3,2.4,0.9,1.6,0.043,-3.8,-0.8,2018
40,NJN,Chris Douglas-Roberts,Memphis,6,222,0.439,0.329,0.831,19.7,7.1,2.1,1.1,5.4,0.059,-2.2,-0.2,2008
40,CHA,Derrick Brown,Xavier,3,171,0.515,0.317,0.637,14.9,5.2,2.4,0.7,4.5,0.085,-1.3,0.4,2009
40,IND,Lance Stephenson,Cincinnati,9,508,0.444,0.315,0.685,23.4,8.6,4.2,2.9,16.7,0.068,-1.2,2.5,2010
40,MIL,Jon Leuer,Wisconsin,8,377,0.484,0.328,0.767,15.8,6.4,3.8,0.8,13.2,0.107,-0.7,2,2011
40,POR,Will Barton,Memphis,9,552,0.433,0.352,0.786,25.1,11.2,4.2,2.6,22.8,0.079,-0.2,6.1,2012
40,POR,Grant Jerrett,Arizona,1,8,0.269,0.067,1,6.4,2,1.1,0.4,-0.1,-0.128,-10.8,-0.1,2013
40,MIN,Glenn Robinson III,Michigan,7,304,0.457,0.373,0.779,17.4,5.9,2.6,0.8,7.9,0.071,-1.7,0.3,2014
40,MIA,Josh Richardson,Tennessee,6,373,0.427,0.358,0.832,30.6,12.3,3.2,2.8,20.3,0.085,-0.6,4.1,2015
40,NOP,Diamond Stone,Maryland,1,7,0.231,,1,3.4,1.4,0.9,0,-0.1,-0.211,-20.8,-0.1,2016
40,NOP,Dwayne Bacon,Florida State,4,207,0.402,0.314,0.78,19.4,7.3,2.6,1.1,0.8,0.01,-5,-3.1,2017
40,BRK,Rodions Kurucs,,3,131,0.444,0.329,0.739,16.1,6,3.1,0.9,2.3,0.052,-2.8,-0.4,2018
41,IND,Nathan Jawai,,2,45,0.435,0,0.684,9.6,2.8,2.4,0.5,0.2,0.02,-4.4,-0.3,2008
41,MIL,Jodie Meeks,Kentucky,10,539,0.42,0.373,0.879,22.5,9.3,2.1,1.1,24.3,0.096,-0.6,4.2,2009
41,MIA,Jarvis Varnado,Mississippi State,2,37,0.582,,0.518,10.7,2.9,1.9,0.4,0.7,0.089,-3.3,-0.1,2010
41,LAL,Darius Morris,Michigan,4,132,0.384,0.322,0.63,11.1,3.3,1,1.4,-0.3,-0.01,-5.1,-1.2,2011
41,POR,Tyshawn Taylor,Kansas,2,61,0.354,0.36,0.684,8,2.9,0.5,0.9,-0.9,-0.088,-8.1,-0.8,2012
41,MEM,Jamaal Franklin,San Diego State,2,24,0.415,0.462,1,7.3,1.8,1,0.4,0,-0.006,-5.9,-0.2,2013
41,DEN,Nikola Jokić,,6,453,0.533,0.347,0.835,29.9,18.5,9.8,6,64.4,0.228,7.9,34,2014
41,BRK,Pat Connaughton,Notre Dame,6,352,0.441,0.353,0.787,17.1,5.2,3.2,1.2,13.7,0.109,-0.4,2.4,2015
41,ORL,Stephen Zimmerman,UNLV,1,19,0.323,,0.6,5.7,1.2,1.8,0.2,0,-0.005,-8.3,-0.2,2016
41,ATL,Tyler Dorsey,Oregon,2,104,0.389,0.35,0.669,16.1,6.7,2.3,1.3,1,0.03,-3.1,-0.5,2017
41,ORL,Jarred Vanderbilt,Kentucky,3,92,0.597,0.143,0.57,13.6,4.1,4.3,0.9,3.2,0.121,-1,0.3,2018
42,SAC,Sean Singletary,Virginia,1,37,0.365,0.4,0.857,8.2,2.4,0.9,0.8,0,0.006,-5.1,-0.2,2008
42,LAL,Patrick Beverley,Arkansas,9,468,0.415,0.382,0.764,27.6,8.8,4.3,3.4,30.4,0.113,0.9,9.5,2009
42,MIA,Da'Sean Butler,West Virginia,,,,,,,,,,,,,,2010
42,IND,Dāvis Bertāns,,5,331,0.433,0.407,0.855,19.9,8.6,2.8,1.1,15.9,0.116,0.7,4.5,2011
42,MIL,Doron Lamb,Kentucky,2,100,0.381,0.394,0.7,12.7,3.5,1,0.8,0.1,0.005,-5.8,-1.2,2012
42,PHI,Pierre Jackson,Baylor,1,8,0.333,0.273,0.857,10.5,4.4,1.1,2.4,0,0.021,-4.4,-0.1,2013
42,HOU,Nick Johnson,Arizona,1,28,0.347,0.238,0.68,9.4,2.6,1.4,0.4,-0.1,-0.02,-6.5,-0.3,2014
42,UTA,Olivier Hanlan,Boston College,,,,,,,,,,,,,,2015
42,UTA,Isaiah Whitehead,Seton Hall,2,89,0.411,0.305,0.788,20.5,7.2,2.4,2.4,-0.9,-0.025,-5,-1.4,2016
42,UTA,Thomas Bryant,Indiana,4,143,0.6,0.362,0.748,20.9,10.7,6,1.4,10.5,0.169,1.8,2.8,2017
42,DET,Bruce Brown,Miami (FL),3,197,0.471,0.298,0.74,23,7.2,4.1,2.2,7.9,0.084,-1.6,0.5,2018
43,SAC,Patrick Ewing,Georgetown,1,7,0,0,0.75,2.7,0.4,0.3,0.3,-0.1,-0.158,-9.1,0,2008
43,MIA,Marcus Thornton,LSU,8,483,0.425,0.358,0.83,23.4,11.9,2.8,1.4,20,0.085,0.2,6.2,2009
43,LAL,Devin Ebanks,West Virginia,3,63,0.385,0.222,0.722,11.3,3.6,1.9,0.4,0.5,0.035,-4.8,-0.5,2010
43,CHI,Malcolm Lee,UCLA,3,36,0.382,0.294,0.703,14.8,3.9,1.8,1.4,0.4,0.04,-2.5,-0.1,2011
43,ATL,Mike Scott,Virginia,9,555,0.453,0.362,0.757,16.5,6.7,3.1,0.9,16.8,0.088,-1.8,0.6,2012
43,MIL,Ricky Ledo,Providence,2,28,0.336,0.371,0.769,9.9,3.9,1.4,0.8,-0.6,-0.096,-7.6,-0.4,2013
43,ATL,Edy Tavares,,2,13,0.625,,0.273,7.8,2.5,2.5,0.3,0.2,0.118,-0.4,0,2014
43,IND,Joe Young,Oregon,3,127,0.393,0.296,0.768,8.5,3.4,1,0.9,0.4,0.016,-4.1,-0.6,2015
43,HOU,Zhou Qi,,2,19,0.212,0.105,0.667,6.6,1.3,1.2,0.1,-0.2,-0.093,-9.6,-0.2,2016
43,HOU,Isaiah Hartenstein,,3,97,0.566,0.235,0.673,10.8,4.1,3.3,0.9,3.1,0.141,-1.5,0.1,2017
43,DEN,Justin Jackson,Maryland,,,,,,,,,,,,,,2018
44,UTA,Ante Tomić,,,,,,,,,,,,,,,2008
44,DET,Chase Budinger,Arizona,7,407,0.43,0.352,0.797,19.7,7.9,3,1.2,13.9,0.083,-0.5,2.9,2009
44,MIL,Jerome Jordan,Tulsa,2,65,0.528,,0.852,7.6,2.8,2,0.3,1.7,0.168,-1,0.1,2010
44,GSW,Charles Jenkins,Hofstra,2,110,0.434,0.182,0.754,12.1,3.7,0.9,1.9,0.5,0.017,-4.5,-0.8,2011
44,DET,Kim English,Missouri,1,41,0.375,0.28,0.724,9.9,2.9,0.9,0.6,0.2,0.021,-4.2,-0.2,2012
44,DAL,Mike Muscala,Bucknell,8,389,0.458,0.368,0.847,15.7,6,3.2,0.9,14.5,0.114,-0.3,2.7,2013
44,MIN,Markel Brown,Oklahoma State,3,113,0.38,0.295,0.781,15.9,5.2,2.1,1.2,1.1,0.029,-2.9,-0.4,2014
44,PHO,Andrew Harrison,Kentucky,3,145,0.373,0.294,0.779,20.6,7,2,2.8,3.2,0.051,-2.8,-0.6,2015
44,ATL,Isaïa Cordinier,,,,,,,,,,,,,,,2016
44,NYK,Damyean Dotson,Oregon,4,211,0.417,0.346,0.711,20,7.5,2.5,1.5,3,0.034,-2.8,-0.9,2017
44,WAS,Issuf Sanon,,,,,,,,,,,,,,,2018
45,SAS,Goran Dragić,,13,867,0.462,0.364,0.766,28,13.9,3.1,4.8,55.9,0.111,0.6,16.2,2008
45,MIN,Nick Calathes,Florida,2,129,0.441,0.288,0.581,15.6,4.6,1.9,2.7,2.6,0.063,-0.5,0.8,2009
45,MIN,Paulão Prestes,,,,,,,,,,,,,,,2010
45,NOH,Josh Harrellson,Kentucky,3,75,0.438,0.347,0.629,11.8,3.5,3,0.3,2.1,0.116,-0.4,0.4,2011
45,PHI,Justin Hamilton,LSU,3,113,0.464,0.309,0.798,17.4,6.1,3.6,0.8,3.7,0.091,-0.9,0.5,2012
45,POR,Marko Todorović,,,,,,,,,,,,,,,2013
45,CHH,Dwight Powell,Stanford,7,429,0.569,0.29,0.744,18.5,7.5,4.5,1,29.8,0.18,1.4,6.7,2014
45,BOS,Marcus Thornton,William & Mary,,,,,,,,,,,,,,2015
45,BOS,Demetrius Jackson,Notre Dame,3,26,0.486,0.286,0.667,5.2,1.8,0.7,0.7,0.2,0.087,-0.5,0.1,2016
45,HOU,Dillon Brooks,Oregon,4,240,0.42,0.353,0.79,28.3,14,3,1.9,3.7,0.026,-4.1,-3.7,2017
45,BRK,Hamidou Diallo,Kentucky,3,149,0.463,0.294,0.627,17.8,7.5,3.6,1,2.8,0.05,-3.3,-0.8,2018
46,SEA,Trent Plaisted,Brigham Young University Hawaii,,,,,,,,,,,,,,2008
46,CLE,Danny Green,UNC,12,757,0.422,0.401,0.805,25.6,9,3.5,1.6,47.2,0.117,2,19.5,2009
46,PHO,Gani Lawal,Georgia Tech,1,1,,,,2,0,0,0,0,-0.009,-15,0,2010
46,LAL,Andrew Goudelock,College of Charleston,3,49,0.393,0.345,0.875,9.7,4,0.7,0.5,0,0.003,-5,-0.3,2011
46,NOH,Darius Miller,Kentucky,6,271,0.419,0.383,0.84,19.8,5.9,1.6,1.4,6.5,0.059,-2.3,-0.4,2012
46,UTA,Erick Green,Virginia Tech,2,52,0.377,0.288,0.857,8.7,3.1,0.7,0.8,0.1,0.011,-4,-0.2,2013
46,WAS,Jordan Clarkson,Missouri,7,521,0.443,0.343,0.827,27,15.3,3.3,2.6,18.1,0.062,-0.5,5.3,2014
46,MIL,Norman Powell,UCLA,6,376,0.463,0.377,0.837,21.2,10.4,2.5,1.4,16.7,0.101,-0.2,3.6,2015
46,DAL,A.J. Hammons,Purdue,1,22,0.405,0.5,0.45,7.4,2.2,1.6,0.2,0,-0.001,-6.6,-0.2,2016
46,PHI,Sterling Brown,SMU,4,215,0.426,0.374,0.781,17.7,5.9,3.4,1.1,5.8,0.073,-2,0,2017
46,HOU,De'Anthony Melton,USC,3,162,0.412,0.35,0.775,19.7,7.3,3.2,2.9,4,0.06,-0.3,1.4,2018
47,WAS,Henry Walker,Kansas State,5,181,0.446,0.369,0.76,16.7,6,2.2,0.8,5,0.079,-1.8,0.2,2008
47,MIN,Henk Norel,,,,,,,,,,,,,,,2009
47,MIL,Tiny Gallon,Oklahoma,,,,,,,,,,,,,,2010
47,LAC,Travis Leslie,Georgia,1,10,0.357,,0.444,4.5,1.4,0.9,0.5,0.1,0.06,-0.3,0,2011
47,UTA,Kevin Murphy,Tennessee Technological University,1,17,0.25,0.2,,3.1,0.9,0.2,0.1,-0.3,-0.272,-16.8,-0.2,2012
47,ATL,Raul Neto,,6,317,0.452,0.382,0.817,15.4,5.6,1.5,1.9,8.6,0.084,-1.3,0.9,2013
47,PHI,Russ Smith,Louisville,2,27,0.319,0.188,0.769,4.9,2,0.6,0.7,-0.2,-0.068,-5.1,-0.1,2014
47,PHI,Artūras Gudaitis,,,,,,,,,,,,,,,2015
47,ORL,Jake Layman,Maryland,5,209,0.464,0.306,0.719,13.7,5.2,1.8,0.6,3.7,0.062,-2.3,-0.2,2016
47,IND,Ike Anigbogu,UCLA,2,14,0.333,,0.833,2.6,0.9,0.9,0.1,0,0.057,-1.1,0,2017
47,LAL,Sviatoslav Mykhailiuk,Kansas,3,164,0.4,0.362,0.764,18.5,7.3,1.8,1.5,1.8,0.028,-2.8,-0.6,2018
48,PHO,Malik Hairston,Oregon,2,62,0.512,0.167,0.514,7.6,2.4,1.2,0.5,0.8,0.086,-2,0,2008
48,PHO,Taylor Griffin,Oklahoma,1,8,0.4,0,0.5,4,1.3,0.3,0.1,0,-0.039,-8.1,-0.1,2009
48,MIA,Latavious Williams,,,,,,,,,,,,,,,2010
48,ATL,Keith Benson,Oakland,1,3,0,,,3,0,1,0,0,-0.005,-7.7,0,2011
48,NYK,Kostas Papanikolaou,,2,69,0.354,0.297,0.688,15.8,3.6,2.3,1.5,0.3,0.015,-2.7,-0.2,2012
48,LAL,Ryan Kelly,Duke,4,163,0.378,0.316,0.797,19.2,6,3.1,1.3,3,0.046,-2.6,-0.5,2013
48,MIL,Lamar Patterson,Pitt,2,40,0.326,0.236,0.72,10.9,2.3,1.4,1.1,0.1,0.006,-5.7,-0.4,2014
48,OKC,Dakari Johnson,Kentucky,1,31,0.564,,0.55,5.2,1.8,1.1,0.3,0.6,0.178,-0.3,0.1,2015
48,CHI,Paul Zipser,,2,98,0.371,0.335,0.769,17,4.7,2.6,0.8,0,-0.001,-5.2,-1.4,2016
48,MIL,Sindarius Thornwell,South Carolina,4,160,0.407,0.34,0.672,10.8,2.5,1.3,0.7,1.1,0.032,-3.1,-0.5,2017
48,MIN,Keita Bates-Diop,Ohio State,3,104,0.429,0.302,0.694,14.3,5,2.5,0.6,1.9,0.061,-2.2,-0.1,2018
49,GSW,Richard Hendrix,Alabama,,,,,,,,,,,,,,2008
49,ATL,Sergiy Gladyr,,,,,,,,,,,,,,,2009
49,SAS,Ryan Richards,,,,,,,,,,,,,,,2010
49,MEM,Josh Selby,Kansas,2,38,0.33,0.143,0.72,7.8,2.2,0.5,0.9,-0.7,-0.113,-9.5,-0.6,2011
49,ORL,Kyle O'Quinn,Norfolk State,8,472,0.517,0.218,0.74,14.2,5.4,4.6,1.4,17.8,0.128,0.9,5,2012
49,CHI,Erik Murphy,Florida,1,24,0.231,0,,2.6,0.3,0.3,0.1,-0.1,-0.055,-8.6,-0.1,2013
49,CHI,Cameron Bairstow,New Mexico,2,36,0.296,0.2,0.846,4.6,1.2,1,0.2,-0.1,-0.021,-8.1,-0.3,2014
49,WAS,Aaron White,Iowa,,,,,,,,,,,,,,2015
49,DET,Michael Gbinije,Syracuse,1,9,0.1,0,1,3.6,0.4,0.3,0.2,-0.1,-0.136,-12.1,-0.1,2016
49,DEN,Vlatko Čančar,,2,55,0.448,0.256,0.824,5.9,1.9,1.1,0.3,0.4,0.054,-3,-0.1,2017
49,SAS,Chimezie Metu,USC,3,83,0.48,0.317,0.74,8.9,4,2.2,0.6,0.6,0.039,-4,-0.4,2018
50,SEA,DeVon Hardin,California,,,,,,,,,,,,,,2008
50,UTA,Goran Suton,Michigan State,,,,,,,,,,,,,,2009
50,DAL,Solomon Alabi,Florida State,2,26,0.314,,0.7,7,1.5,2.3,0.2,0,0.01,-4.4,-0.1,2010
50,PHI,Lavoy Allen,Temple,6,388,0.471,0.133,0.682,17.8,4.8,4.8,1,13.8,0.096,-2.1,-0.1,2011
50,DEN,İzzet Türkyılmaz,,,,,,,,,,,,,,,2012
50,ATL,James Ennis,Cal State Long Beach,7,388,0.457,0.36,0.797,20.5,6.7,3.3,1,16.1,0.097,-1.5,0.9,2013
50,PHO,Alec Brown,Green Bay,,,,,,,,,,,,,,2014
50,ATL,Marcus Eriksson,,,,,,,,,,,,,,,2015
50,IND,Georges Niang,Iowa State,5,229,0.437,0.404,0.867,11.9,5.1,1.8,0.6,5.4,0.094,-0.6,1,2016
50,PHI,Mathias Lessort,,,,,,,,,,,,,,,2017
50,IND,Alize Johnson,Missouri State,3,49,0.496,0.313,0.774,7.6,2.9,3.2,0.4,1.2,0.155,-0.5,0.1,2018
51,DAL,Shan Foster,Vanderbilt,,,,,,,,,,,,,,2008
51,SAS,Jack McClinton,Miami (FL),,,,,,,,,,,,,,2009
51,OKC,Magnum Rolle,Louisiana Tech,,,,,,,,,,,,,,2010
51,POR,Jon Diebler,Ohio State,,,,,,,,,,,,,,2011
51,BOS,Kris Joseph,Syracuse,1,10,0.143,0,0.625,5.4,0.9,0.7,0.1,-0.1,-0.127,-9.9,-0.1,2012
51,ORL,Romero Osby,Oklahoma,,,,,,,,,,,,,,2013
51,NYK,Thanasis Antetokounmpo,,3,79,0.497,0.175,0.485,8.7,2.9,1.9,0.8,0.9,0.061,-3.7,-0.3,2014
51,ORL,Tyler Harvey,Eastern Washington,,,,,,,,,,,,,,2015
51,BOS,Ben Bentil,Providence,1,3,0,0,,3.3,0,0.7,0,-0.1,-0.473,-25.9,-0.1,2016
51,DEN,Monte Morris,Iowa State,4,205,0.479,0.393,0.816,23.5,9.8,2.1,3.5,13.1,0.13,0.4,2.9,2017
51,NOP,Tony Carr,Penn State,,,,,,,,,,,,,,2018
52,MIA,Darnell Jackson,Kansas,3,138,0.449,0.235,0.644,7.5,2.2,1.5,0.2,1.3,0.059,-5.2,-0.8,2008
52,IND,A.J. Price,UConn,6,261,0.38,0.316,0.742,15.1,5.8,1.4,2.2,4.7,0.058,-1.3,0.7,2009
52,BOS,Luke Harangody,Notre Dame,2,70,0.376,0.241,0.737,12.4,3.6,2.8,0.5,0.9,0.048,-3.5,-0.3,2010
52,DET,Vernon Macklin,Florida,1,23,0.543,,0.571,5.9,2,1.5,0.2,0.5,0.161,1.2,0.1,2011
52,GSW,Ognjen Kuzmić,,2,37,0.52,,0.6,4.4,0.9,1,0.2,0.2,0.061,-5.6,-0.2,2012
52,MIN,Lorenzo Brown,NC State,5,103,0.364,0.17,0.707,11.5,2.8,1.5,1.8,-0.2,-0.007,-3.5,-0.5,2013
52,PHI,Vasilije Micić,,,,,,,,,,,,,,,2014
52,DAL,Satnam Singh,,,,,,,,,,,,,,,2015
52,UTA,Joel Bolomboy,Weber State,2,18,0.545,0.2,0.5,5.1,1.7,1.5,0.1,0.3,0.132,-0.1,0,2016
52,NOP,Edmond Sumner,Xavier,4,108,0.474,0.333,0.728,14.1,5.7,1.5,1.1,1.9,0.061,-3.2,-0.5,2017
52,UTA,Vince Edwards,Purdue,1,2,0.25,0.25,,8,1.5,1,0,0,-0.014,-6.4,0,2018
53,UTA,Tadija Dragićević,,,,,,,,,,,,,,,2008
53,SAS,Nando De Colo,,2,119,0.429,0.363,0.835,11.9,3.8,1.8,1.7,2.4,0.081,-0.7,0.5,2009
53,ATL,Pape Sy,,1,3,0.333,0,1,7,2.3,1,0.7,0,-0.047,-6,0,2010
53,ORL,DeAndre Liggins,Kentucky,5,177,0.402,0.352,0.549,10.8,2,1.4,0.7,1.6,0.04,-2.2,-0.1,2011
53,LAC,Furkan Aldemir,,1,41,0.513,0,0.481,13.2,2.3,4.3,0.7,1.4,0.122,-3.6,-0.2,2012
53,IND,Colton Iverson,Colorado State,,,,,,,,,,,,,,2013
53,MIN,Alessandro Gentile,,,,,,,,,,,,,,,2014
53,CLE,Sir'Dominic Pointer,St. John's,,,,,,,,,,,,,,2015
53,DEN,Petr Cornelie,,,,,,,,,,,,,,,2016
53,BOS,Kadeem Allen,Arizona,3,47,0.435,0.349,0.757,13.6,5.5,1.5,2.3,1,0.075,-1,0.2,2017
53,OKC,Devon Hall,Virginia,1,11,0.2,0.235,0.5,7.4,1.8,0.6,1.2,-0.2,-0.116,-6.4,-0.1,2018
54,HOU,Maarty Leunen,Oregon,,,,,,,,,,,,,,2008
54,CHA,Robert Vaden,UAB,,,,,,,,,,,,,,2009
54,LAC,Willie Warren,Oklahoma,1,19,0.371,0.333,0.75,7.1,1.9,0.6,1.4,0.2,0.065,-2.7,0,2010
54,CLE,Milan Mačvan,,,,,,,,,,,,,,,2011
54,PHI,Tornike Shengelia,,2,45,0.451,0.125,0.5,5.5,1.3,0.9,0.4,-0.2,-0.032,-7,-0.3,2012
54,WAS,Arsalan Kazemi,Oregon,,,,,,,,,,,,,,2013
54,PHI,Nemanja Dangubić,,,,,,,,,,,,,,,2014
54,UTA,Dani Díez,,,,,,,,,,,,,,,2015
54,ATL,Kay Felder,Oakland,2,58,0.364,0.268,0.754,9.1,3.8,1,1.3,-0.4,-0.041,-4.7,-0.4,2016
54,PHO,Alec Peters,Valparaiso,1,20,0.378,0.31,0.8,11.3,4.1,1.9,0.6,0.3,0.055,-2.8,0,2017
54,DAL,Shake Milton,SMU,3,123,0.454,0.374,0.815,20.6,10.4,2.2,2.6,5.2,0.099,-1.9,0.1,2018
55,POR,Mike Taylor,Iowa State,1,51,0.412,0.325,0.691,15.1,5.7,1.7,2.1,-0.4,-0.028,-5.2,-0.6,2008
55,POR,Patty Mills,Saint Mary's,12,739,0.429,0.388,0.858,19.8,8.9,1.7,2.3,32.5,0.106,0.3,8.6,2009
55,UTA,Jeremy Evans,Western Kentucky,7,250,0.569,0.231,0.687,10.5,3.5,2.6,0.4,8.2,0.15,0.9,1.9,2010
55,BOS,E'Twaun Moore,Purdue,10,598,0.455,0.388,0.742,21,7.9,2,1.8,14.8,0.057,-1.9,0.2,2011
55,DAL,Darius Johnson-Odom,Marquette,2,7,0,0,0,3,0,0.9,0.3,-0.3,-0.597,-25.5,-0.1,2012
55,MEM,Joffrey Lauvergne,,4,208,0.479,0.285,0.719,13.6,5.6,3.8,0.9,5.2,0.089,-2.1,-0.1,2013
55,MIA,Semaj Christon,Xavier,1,64,0.345,0.19,0.548,15.2,2.9,1.4,2,0.1,0.006,-5.1,-0.8,2014
55,SAS,Cady Lalanne,UMass,,,,,,,,,,,,,,2015
55,BRK,Marcus Paige,UNC,1,5,0.286,0.25,1,5.6,2.4,0.8,0.6,0,-0.006,-8.8,0,2016
55,UTA,Nigel Williams-Goss,Gonzaga,1,10,0.313,0.286,1,5,1.4,0.6,0.6,0,0.017,-3.9,0,2017
55,CHO,Arnoldas Kulboka,,,,,,,,,,,,,,,2018
56,SEA,Sasha Kaun,Kansas,1,25,0.529,,0.455,3.8,0.9,1,0.1,0.2,0.096,-2.8,0,2008
56,DAL,Ahman Nivins,Saint Joseph's,,,,,,,,,,,,,,2009
56,MIN,Hamady N'Diaye,Rutgers University,3,33,0.467,,0.462,4.8,0.6,0.8,0.1,0,0.013,-7.3,-0.2,2010
56,LAL,Chukwudiebere Maduabum,,,,,,,,,,,,,,,2011
56,TOR,Tomislav Zubčić,,,,,,,,,,,,,,,2012
56,DET,Peyton Siva,Louisville,1,24,0.316,0.28,0.733,9.3,2.3,0.6,1.4,-0.2,-0.032,-6.4,-0.2,2013
56,DEN,Devyn Marble,Iowa,2,44,0.304,0.222,0.375,10.4,2.2,1.6,0.7,-0.3,-0.028,-5.5,-0.4,2014
56,NOP,Branden Dawson,Michigan State,1,6,0.4,,1,4.8,0.8,0.7,0,0,0.069,-5.7,0,2015
56,DEN,Daniel Hamilton,UConn,2,25,0.394,0.357,0.5,9.3,2.8,2.1,1.2,0,0,-3.3,-0.1,2016
56,BOS,Jabari Bird,California,1,13,0.577,0.429,0.462,8.8,3,1.5,0.6,0.2,0.098,-3.1,0,2017
56,PHI,Ray Spalding,Louisville,2,16,0.529,0,0.286,10.4,3.6,3.3,0.3,0.1,0.024,-5.7,-0.2,2018
57,SAS,James Gist,Maryland,,,,,,,,,,,,,,2008
57,PHO,Emir Preldžić,,,,,,,,,,,,,,,2009
57,IND,Ryan Reid,Florida State,1,5,0.8,,,3.4,1.6,0.4,0,0.1,0.142,-2,0,2010
57,DAL,Tanguy Ngombo,,,,,,,,,,,,,,,2011
57,NJN,İlkan Karaman,,,,,,,,,,,,,,,2012
57,PHO,Alex Oriakhi,Missouri,,,,,,,,,,,,,,2013
57,IND,Louis Labeyrie,,,,,,,,,,,,,,,2014
57,DEN,Nikola Radičević,,,,,,,,,,,,,,,2015
57,MEM,Wang Zhelin,,,,,,,,,,,,,,,2016
57,BRK,Sasha Vezenkov,,,,,,,,,,,,,,,2017
57,OKC,Kevin Hervey,UT Arlington,1,10,0.259,0.15,,5.2,1.7,1.2,0.5,-0.1,-0.085,-5.1,0,2018
58,LAL,Joe Crawford,Kentucky,1,2,0.3,0.25,1,11.5,4.5,2,0.5,0,0.037,-2.7,0,2008
58,BOS,Lester Hudson,University of Tennessee at Martin,4,57,0.375,0.277,0.806,10.4,4.7,1.4,1.2,0.2,0.016,-2.1,0,2009
58,LAL,Derrick Caracter,Texas-El Paso,1,41,0.485,,0.739,5.2,2,1,0.2,0.3,0.057,-7.1,-0.3,2010
58,LAL,Ater Majok,,,,,,,,,,,,,,,2011
58,MIN,Robbie Hummel,Purdue,2,98,0.418,0.343,0.867,14.3,3.9,2.7,0.5,1.9,0.066,-3.1,-0.4,2012
58,SAS,Deshaun Thomas,Ohio State,,,,,,,,,,,,,,2013
58,SAS,Jordan McRae,Tennessee,4,123,0.417,0.355,0.772,13.8,6.9,1.8,1.4,1.7,0.048,-2.1,0,2014
58,PHI,J.P. Tokoto,UNC,,,,,,,,,,,,,,2015
58,BOS,Abdel Nader,Iowa State,4,188,0.432,0.36,0.725,13,4.7,1.9,0.5,2.8,0.055,-2.5,-0.3,2016
58,NYK,Ognjen Jaramaz,,,,,,,,,,,,,,,2017
58,DEN,Thomas Welsh,UCLA,1,11,0.538,0.429,0.5,3.3,1.6,0.4,0.5,0.1,0.162,1.2,0,2018
59,DET,Deron Washington,Virginia Tech,,,,,,,,,,,,,,2008
59,LAL,Chinemelu Elonu,Texas A&M,,,,,,,,,,,,,,2009
59,SAS,Ádám Hanga,,,,,,,,,,,,,,,2011
59,SAS,Marcus Denmon,Missouri,,,,,,,,,,,,,,2012
59,MIN,Bojan Dubljević,,,,,,,,,,,,,,,2013
59,TOR,Xavier Thames,San Diego State,,,,,,,,,,,,,,2014
59,ATL,Dimitrios Agravanis,,,,,,,,,,,,,,,2015
59,SAC,Isaiah Cousins,Oklahoma,,,,,,,,,,,,,,2016
59,SAS,Jaron Blossomgame,Clemson,1,27,0.443,0.256,0.769,16.3,4.2,3.6,0.5,0.3,0.03,-3.8,-0.2,2017
59,PHO,George King,Colorado,1,1,,,,6,0,1,0,0,-0.001,-7.9,0,2018
60,BOS,Semih Erden,,2,69,0.546,,0.594,13.4,3.8,2.8,0.4,1.8,0.094,-3.6,-0.4,2008
60,MIA,Robert Dozier,Memphis,,,,,,,,,,,,,,2009
60,SAC,Isaiah Thomas,Washington,10,528,0.435,0.363,0.872,28.8,18.1,2.4,4.9,45.2,0.142,2.2,16.3,2011
60,LAL,Robert Sacre,Gonzaga,4,189,0.436,0,0.671,14.5,4.2,3.1,0.7,2.4,0.042,-4,-1.4,2012
60,MEM,Jānis Timma,,,,,,,,,,,,,,,2013
60,SAS,Cory Jefferson,Baylor,2,58,0.444,0.125,0.583,10,3.5,2.8,0.3,0.9,0.071,-3.3,-0.2,2014
60,PHI,Luka Mitrović,,,,,,,,,,,,,,,2015
60,UTA,Tyrone Wallace,California,3,106,0.425,0.203,0.671,15.5,5.2,2.2,1.2,0.2,0.006,-5.1,-1.3,2016
60,ATL,Alpha Kaba,,,,,,,,,,,,,,,2017
60,PHI,Kostas Antetokounmpo,Dayton,3,22,0.375,,0.474,4,1,1,0.1,-0.2,-0.098,-10.2,-0.2,2018
